date,infected,dead,recovered,inactive,active,new,new_deaths,new_3,new_7,new_14,new_deaths_7,new_deaths_14,new_deaths_7_7
2020-03-03,0,0,0,0,0,,,,,,,,
2020-03-04,1,0,0,0,1,1.0,0.0,,,,,,
2020-03-05,1,0,0,0,1,0.0,0.0,,,,,,
2020-03-06,5,0,0,0,5,4.0,0.0,1.6666666666666667,,,,,
2020-03-07,6,0,0,0,6,1.0,0.0,1.6666666666666667,,,,,
2020-03-08,11,0,0,0,11,5.0,0.0,3.333333333333333,,,,,
2020-03-09,17,0,0,0,17,6.0,0.0,4.0,,,,,
2020-03-10,22,0,0,0,22,5.0,0.0,5.333333333333333,3.1428571428571432,,0.0,,
2020-03-11,31,0,0,0,31,9.0,0.0,6.666666666666668,4.285714285714286,,0.0,,
2020-03-12,51,1,0,1,50,20.0,1.0,11.333333333333336,7.142857142857142,,0.14285714285714285,,
2020-03-13,68,2,0,2,66,17.0,1.0,15.333333333333336,9.0,,0.2857142857142857,,
2020-03-14,104,3,0,3,101,36.0,1.0,24.33333333333333,14.0,,0.42857142857142855,,
2020-03-15,125,3,0,3,122,21.0,0.0,24.66666666666667,16.285714285714285,,0.42857142857142855,,
2020-03-16,177,4,0,4,173,52.0,1.0,36.333333333333336,22.857142857142854,,0.5714285714285714,,0.26530612244897955
2020-03-17,238,5,1,6,232,61.0,1.0,44.66666666666666,30.857142857142854,17.0,0.7142857142857143,0.35714285714285715,0.36734693877551017
2020-03-18,287,5,1,6,281,49.0,0.0,54.0,36.57142857142857,20.428571428571427,0.7142857142857143,0.35714285714285715,0.4693877551020408
2020-03-19,355,5,1,6,349,68.0,0.0,59.33333333333334,43.42857142857143,25.285714285714285,0.5714285714285714,0.35714285714285715,0.5306122448979591
2020-03-20,425,5,1,6,419,70.0,0.0,62.33333333333334,51.0,30.0,0.42857142857142855,0.35714285714285715,0.5510204081632653
2020-03-21,536,5,1,6,530,111.0,0.0,83.0,61.714285714285715,37.857142857142854,0.2857142857142857,0.35714285714285715,0.5306122448979591
2020-03-22,634,7,1,8,626,98.0,2.0,93.0,72.71428571428571,44.5,0.5714285714285714,0.5,0.5510204081632654
2020-03-23,749,8,1,9,740,115.0,1.0,108.0,81.71428571428571,52.28571428571429,0.5714285714285714,0.5714285714285714,0.5510204081632654
2020-03-24,901,10,1,11,890,152.0,2.0,121.66666666666669,94.71428571428572,62.78571428571429,0.7142857142857143,0.7142857142857143,0.5510204081632654
2020-03-25,1051,13,1,14,1037,150.0,3.0,139.0,109.14285714285714,72.85714285714286,1.1428571428571428,0.9285714285714286,0.6122448979591837
2020-03-26,1221,16,1,17,1204,170.0,3.0,157.33333333333334,123.71428571428572,83.57142857142857,1.5714285714285714,1.0714285714285714,0.7551020408163265
2020-03-27,1389,16,1,17,1372,168.0,0.0,162.66666666666666,137.71428571428572,94.35714285714286,1.5714285714285714,1.0,0.9183673469387754
2020-03-28,1638,18,1,19,1619,249.0,2.0,195.66666666666663,157.42857142857142,109.57142857142857,1.8571428571428568,1.0714285714285714,1.1428571428571428
2020-03-29,1862,22,1,23,1839,224.0,4.0,213.66666666666663,175.4285714285714,124.07142857142857,2.142857142857143,1.3571428571428572,1.3673469387755102
2020-03-30,2055,31,1,32,2023,193.0,9.0,222.0,186.57142857142856,134.14285714285714,3.2857142857142856,1.9285714285714288,1.7551020408163267
2020-03-31,2311,33,1,34,2277,256.0,2.0,224.33333333333331,201.42857142857144,148.07142857142858,3.2857142857142856,2.0,2.122448979591837
2020-04-01,2554,43,1,44,2510,243.0,10.0,230.66666666666663,214.7142857142857,161.92857142857142,4.285714285714286,2.7142857142857144,2.5714285714285716
2020-04-02,2946,57,1,58,2888,392.0,14.0,297.0,246.42857142857144,185.07142857142856,5.857142857142858,3.7142857142857135,3.1836734693877555
2020-04-03,3383,71,1,72,3311,437.0,14.0,357.33333333333326,284.85714285714283,211.28571428571428,7.857142857142858,4.714285714285714,4.081632653061225
2020-04-04,3627,79,116,195,3432,244.0,8.0,357.66666666666674,284.14285714285717,220.78571428571428,8.714285714285714,5.285714285714286,5.061224489795919
2020-04-05,4102,94,134,228,3874,475.0,15.0,385.33333333333326,320.0,247.7142857142857,10.285714285714286,6.2142857142857135,6.224489795918367
2020-04-06,4413,107,162,269,4144,311.0,13.0,343.3333333333333,336.85714285714283,261.7142857142857,10.857142857142858,7.071428571428571,7.306122448979592
2020-04-07,4848,129,191,320,4528,435.0,22.0,407.0,362.4285714285714,281.92857142857144,13.714285714285715,8.5,8.795918367346939
2020-04-08,5205,158,222,380,4825,357.0,29.0,367.66666666666674,378.71428571428567,296.7142857142857,16.428571428571427,10.357142857142858,10.530612244897958
2020-04-09,5575,174,284,458,5117,370.0,16.0,387.33333333333326,375.57142857142856,311.0,16.714285714285715,11.285714285714285,12.081632653061224
2020-04-10,5955,181,318,499,5456,380.0,7.0,369.0,367.4285714285714,326.14285714285717,15.714285714285715,11.785714285714285,13.204081632653056
2020-04-11,6356,208,375,583,5773,401.0,27.0,383.66666666666674,389.8571428571428,337.0,18.428571428571427,13.571428571428573,14.591836734693874
2020-04-12,6674,232,439,671,6003,318.0,24.0,366.33333333333326,367.4285714285714,343.71428571428567,19.714285714285715,15.0,15.93877551020408
2020-04-13,6932,245,487,732,6200,258.0,13.0,325.6666666666667,359.8571428571428,348.3571428571428,19.714285714285715,15.285714285714285,17.204081632653054
2020-04-14,7202,263,618,881,6321,270.0,18.0,282.0,336.2857142857143,349.3571428571428,19.142857142857142,16.428571428571427,17.979591836734688
2020-04-15,7582,286,668,954,6628,380.0,23.0,302.6666666666667,339.57142857142856,359.1428571428572,18.285714285714285,17.357142857142858,18.244897959183668
2020-04-16,7918,314,774,1088,6830,336.0,28.0,328.6666666666667,334.7142857142857,355.1428571428572,20.0,18.357142857142858,18.7142857142857
2020-04-17,8375,332,866,1198,7177,457.0,18.0,391.0,345.71428571428567,356.57142857142856,21.571428571428577,18.642857142857142,19.551020408163254
2020-04-18,8709,347,981,1328,7381,334.0,15.0,375.66666666666674,336.14285714285717,363.0,19.857142857142858,19.142857142857142,19.755102040816322
2020-04-19,9224,360,1040,1400,7824,515.0,13.0,435.33333333333326,364.28571428571433,365.8571428571428,18.285714285714285,19.0,19.551020408163254
2020-04-20,9530,380,1133,1513,8017,306.0,20.0,385.0,371.1428571428572,365.5,19.285714285714285,19.5,19.489795918367342
2020-04-21,9793,400,1297,1697,8096,263.0,20.0,361.33333333333326,370.1428571428572,353.21428571428567,19.571428571428573,19.357142857142858,19.551020408163254
2020-04-22,10106,425,1513,1938,8168,313.0,25.0,294.0,360.57142857142856,350.07142857142856,19.857142857142858,19.071428571428573,19.775510204081627
2020-04-23,10448,453,1740,2193,8255,342.0,28.0,306.0,361.4285714285714,348.07142857142856,19.857142857142858,19.928571428571427,19.755102040816322
2020-04-24,10829,493,1944,2437,8392,381.0,40.0,345.33333333333326,350.57142857142856,348.1428571428572,23.0,22.285714285714285,19.95918367346938
2020-04-25,11210,523,2126,2649,8561,381.0,30.0,368.0,357.28571428571433,346.71428571428567,25.142857142857146,22.5,20.7142857142857
2020-04-26,11554,535,2265,2800,8754,344.0,12.0,368.66666666666674,332.85714285714283,348.57142857142856,25.0,21.642857142857146,21.673469387755095
2020-04-27,11839,561,2466,3027,8812,285.0,26.0,336.6666666666667,329.85714285714283,350.5,25.857142857142854,22.57142857142857,22.61224489795918
2020-04-28,12155,595,2655,3250,8905,316.0,34.0,315.0,337.42857142857144,353.78571428571433,27.857142857142854,23.714285714285715,23.795918367346932
2020-04-29,12577,623,3025,3648,8929,422.0,28.0,341.0,353.0,356.78571428571433,28.285714285714285,24.07142857142857,24.999999999999996
2020-04-30,12877,643,3236,3879,8998,300.0,20.0,346.0,347.0,354.21428571428567,27.142857142857146,23.5,26.040816326530603
2020-05-01,13105,650,3491,4141,8964,228.0,7.0,316.6666666666667,325.14285714285717,337.85714285714283,22.428571428571423,22.714285714285715,25.959183673469376
2020-05-02,13375,662,3762,4424,8951,270.0,12.0,266.0,309.2857142857143,333.2857142857143,19.857142857142858,22.5,25.20408163265305
2020-05-03,13693,677,3945,4622,9071,318.0,15.0,272.0,305.57142857142856,319.2142857142857,20.285714285714285,22.642857142857146,24.53061224489795
2020-05-04,14006,696,4095,4791,9215,313.0,19.0,300.3333333333333,309.57142857142856,319.7142857142857,19.285714285714285,22.57142857142857,23.59183673469386
2020-05-05,14412,715,4280,4995,9417,406.0,19.0,345.66666666666674,322.42857142857144,329.92857142857144,17.142857142857142,22.5,22.061224489795904
2020-05-06,14723,733,4655,5388,9335,311.0,18.0,343.3333333333333,306.57142857142856,329.7857142857143,15.714285714285715,22.0,20.26530612244897
2020-05-07,15026,755,4862,5617,9409,303.0,22.0,340.0,307.0,327.0,16.0,21.571428571428577,18.673469387755087
2020-05-08,15363,775,5184,5959,9404,337.0,20.0,317.0,322.57142857142856,323.85714285714283,17.857142857142858,20.142857142857142,18.020408163265294
2020-05-09,15651,784,5437,6221,9430,288.0,9.0,309.3333333333333,325.14285714285717,317.2142857142857,17.428571428571427,18.642857142857142,17.673469387755087
2020-05-10,15996,799,5698,6497,9499,345.0,15.0,323.3333333333333,329.0,317.2857142857143,17.428571428571427,18.857142857142858,17.265306122448973
2020-05-11,16326,810,5816,6626,9700,330.0,11.0,321.0,331.42857142857144,320.5,16.285714285714285,17.785714285714285,16.83673469387754
2020-05-12,16882,838,6131,6969,9913,556.0,28.0,410.33333333333326,352.8571428571428,337.64285714285717,17.571428571428573,17.357142857142858,16.89795918367346
2020-05-13,17204,861,6410,7271,9933,322.0,23.0,402.66666666666674,354.42857142857144,330.5,18.285714285714285,17.0,17.265306122448973
2020-05-14,17615,883,6696,7579,10036,411.0,22.0,429.66666666666674,369.8571428571428,338.42857142857144,18.285714285714285,17.142857142857142,17.591836734693867
2020-05-15,18016,907,6918,7825,10191,401.0,24.0,378.0,379.0,350.78571428571433,18.857142857142858,18.357142857142858,17.734693877551013
2020-05-16,18257,915,7175,8090,10167,241.0,8.0,351.0,372.28571428571433,348.71428571428567,18.714285714285715,18.071428571428573,17.91836734693877
2020-05-17,18529,925,7451,8376,10153,272.0,10.0,304.6666666666667,361.8571428571428,345.42857142857144,18.0,17.714285714285715,17.999999999999993
2020-05-18,18885,936,7628,8564,10321,356.0,11.0,289.6666666666667,365.57142857142856,348.5,18.0,17.142857142857142,18.244897959183668
2020-05-19,19267,948,7903,8851,10416,382.0,12.0,336.6666666666667,340.7142857142857,346.78571428571433,15.714285714285715,16.642857142857142,17.979591836734688
2020-05-20,19738,962,8183,9145,10593,471.0,14.0,403.0,362.0,358.21428571428567,14.428571428571427,16.357142857142858,17.428571428571427
2020-05-21,20141,972,8452,9424,10717,403.0,10.0,418.66666666666674,360.8571428571428,365.3571428571428,12.714285714285715,15.5,16.632653061224488
2020-05-22,20612,982,8731,9713,10899,471.0,10.0,448.33333333333326,370.8571428571428,374.9285714285714,10.714285714285714,14.785714285714285,15.469387755102035
2020-05-23,20927,993,8977,9970,10957,315.0,11.0,396.33333333333326,381.4285714285714,376.8571428571428,11.142857142857142,14.928571428571427,14.387755102040813
2020-05-24,21288,996,9194,10190,11098,361.0,3.0,382.33333333333326,394.1428571428572,378.0,10.142857142857142,14.071428571428573,13.265306122448974
2020-05-25,21629,1007,9276,10283,11346,341.0,11.0,339.0,392.0,378.78571428571433,10.142857142857142,14.071428571428573,12.142857142857142
2020-05-26,22072,1024,10020,11044,11028,443.0,17.0,381.66666666666674,400.71428571428567,370.71428571428567,10.857142857142858,13.285714285714285,11.448979591836732
2020-05-27,22469,1028,10330,11358,11111,397.0,4.0,393.66666666666674,390.1428571428572,376.07142857142856,9.428571428571429,11.928571428571427,10.734693877551019
2020-05-28,22821,1038,10560,11598,11223,352.0,10.0,397.33333333333326,382.8571428571428,371.8571428571428,9.428571428571429,11.071428571428573,10.265306122448976
2020-05-29,23153,1051,10692,11743,11410,332.0,13.0,360.33333333333326,363.0,366.9285714285714,9.857142857142858,10.285714285714286,10.142857142857142
2020-05-30,23565,1061,11016,12077,11488,412.0,10.0,365.33333333333326,376.8571428571428,379.1428571428572,9.714285714285714,10.428571428571429,9.93877551020408
2020-05-31,23784,1064,11271,12335,11449,219.0,3.0,321.0,356.57142857142856,375.3571428571428,9.714285714285714,9.928571428571429,9.877551020408164
2020-06-01,24159,1074,11449,12523,11636,375.0,10.0,335.3333333333333,361.4285714285714,376.71428571428567,9.571428571428571,9.857142857142858,9.79591836734694
2020-06-02,24395,1092,11726,12818,11577,236.0,18.0,276.6666666666667,331.85714285714283,366.28571428571433,9.714285714285714,10.285714285714286,9.632653061224488
2020-06-03,24687,1115,12014,13129,11558,292.0,23.0,301.0,316.85714285714283,353.5,12.428571428571427,10.928571428571427,10.061224489795917
2020-06-04,25048,1117,12227,13344,11704,361.0,2.0,296.3333333333333,318.14285714285717,350.5,11.285714285714285,10.357142857142858,10.326530612244897
2020-06-05,25410,1137,12410,13547,11863,362.0,20.0,338.3333333333333,322.42857142857144,342.7142857142857,12.285714285714285,11.071428571428573,10.673469387755102
2020-06-06,25986,1151,12641,13792,12194,576.0,14.0,433.0,345.8571428571428,361.3571428571428,12.857142857142858,11.285714285714285,11.122448979591837
2020-06-07,26561,1155,12855,14010,12551,575.0,4.0,504.33333333333326,396.71428571428567,376.6428571428572,13.0,11.357142857142858,11.59183673469388
2020-06-08,27160,1164,12998,14162,12998,599.0,9.0,583.3333333333334,428.71428571428567,395.07142857142856,12.857142857142858,11.214285714285712,12.06122448979592
2020-06-09,27560,1183,13196,14379,13181,400.0,19.0,524.6666666666666,452.1428571428572,392.0,13.0,11.357142857142858,12.530612244897965
2020-06-10,27842,1206,13411,14617,13225,282.0,23.0,427.0,450.71428571428567,383.78571428571433,13.0,12.714285714285715,12.612244897959187
2020-06-11,28201,1215,13696,14911,13290,359.0,9.0,347.0,450.4285714285714,384.28571428571433,14.0,12.642857142857142,13.000000000000002
2020-06-12,28577,1222,13805,15027,13550,376.0,7.0,339.0,452.4285714285714,387.4285714285714,12.142857142857142,12.214285714285715,12.979591836734695
2020-06-13,29017,1237,14104,15341,13676,440.0,15.0,391.66666666666674,433.0,389.4285714285714,12.285714285714285,12.571428571428573,12.89795918367347
2020-06-14,29392,1247,14226,15473,13919,375.0,10.0,397.0,404.4285714285714,400.57142857142856,13.142857142857142,13.071428571428573,12.918367346938775
2020-06-15,29788,1256,14383,15639,14149,396.0,9.0,403.66666666666674,375.4285714285714,402.07142857142856,13.142857142857142,13.0,12.959183673469385
2020-06-16,30195,1272,14654,15926,14269,407.0,16.0,392.66666666666674,376.4285714285714,414.28571428571433,12.714285714285715,12.857142857142858,12.918367346938775
2020-06-17,30645,1286,14921,16207,14438,450.0,14.0,417.66666666666674,400.4285714285714,425.57142857142856,11.428571428571427,12.214285714285715,12.693877551020408
2020-06-18,30959,1316,15317,16633,14326,314.0,30.0,390.33333333333326,394.0,422.21428571428567,14.428571428571427,14.214285714285715,12.755102040816324
2020-06-19,31311,1334,15698,17032,14279,352.0,18.0,372.0,390.57142857142856,421.5,16.0,14.071428571428573,13.306122448979592
2020-06-20,31620,1346,16181,17527,14093,309.0,12.0,325.0,371.8571428571428,402.4285714285714,15.571428571428573,13.928571428571427,13.77551020408163
2020-06-21,31931,1356,16683,18039,13892,311.0,10.0,324.0,362.71428571428567,383.57142857142856,15.571428571428573,14.357142857142858,14.122448979591837
2020-06-22,32227,1359,17076,18435,13792,296.0,3.0,305.3333333333333,348.42857142857144,361.9285714285714,14.714285714285715,13.928571428571427,14.346938775510203
2020-06-23,32527,1375,17573,18948,13579,300.0,16.0,302.3333333333333,333.14285714285717,354.78571428571433,14.714285714285715,13.714285714285715,14.63265306122449
2020-06-24,32821,1396,18134,19530,13291,294.0,21.0,296.6666666666667,310.85714285714283,355.6428571428572,15.714285714285715,13.571428571428573,15.244897959183671
2020-06-25,33110,1412,18654,20066,13044,289.0,16.0,294.3333333333333,307.2857142857143,350.6428571428572,13.714285714285715,14.071428571428573,15.142857142857142
2020-06-26,33395,1429,19218,20647,12748,285.0,17.0,289.3333333333333,297.7142857142857,344.1428571428572,13.571428571428573,14.785714285714285,14.795918367346935
2020-06-27,33714,1435,19972,21407,12307,319.0,6.0,297.6666666666667,299.14285714285717,335.5,12.714285714285715,14.142857142857142,14.387755102040813
2020-06-28,33907,1439,20548,21987,11920,193.0,4.0,265.6666666666667,282.2857142857143,322.5,11.857142857142858,13.714285714285715,13.85714285714285
2020-06-29,34154,1445,20897,22342,11812,247.0,6.0,253.0,275.2857142857143,311.85714285714283,12.285714285714285,13.5,13.51020408163265
2020-06-30,34393,1464,21281,22745,11648,239.0,19.0,226.33333333333331,266.57142857142856,299.85714285714283,12.714285714285715,13.714285714285715,13.224489795918364
2020-07-01,34775,1478,21791,23269,11506,382.0,14.0,289.3333333333333,279.14285714285717,295.0,11.714285714285715,13.714285714285715,12.653061224489793
2020-07-02,35146,1493,22209,23702,11444,371.0,15.0,330.6666666666667,290.85714285714283,299.07142857142856,11.571428571428573,12.642857142857142,12.346938775510203
2020-07-03,35405,1507,22651,24158,11247,259.0,14.0,337.3333333333333,287.14285714285717,292.42857142857144,11.142857142857142,12.357142857142858,11.999999999999998
2020-07-04,35719,1511,23127,24638,11081,314.0,4.0,314.6666666666667,286.42857142857144,292.7857142857143,10.857142857142858,11.785714285714285,11.734693877551019
2020-07-05,35950,1516,23746,25262,10688,231.0,5.0,268.0,291.85714285714283,287.07142857142856,11.0,11.428571428571427,11.612244897959185
2020-07-06,36155,1520,23966,25486,10669,205.0,4.0,250.0,285.85714285714283,280.57142857142856,10.714285714285714,11.5,11.387755102040813
2020-07-07,36412,1527,24238,25765,10647,257.0,7.0,231.0,288.42857142857144,277.5,9.0,10.857142857142858,10.857142857142856
2020-07-08,36689,1542,24878,26420,10269,277.0,15.0,246.33333333333331,273.42857142857144,276.2857142857143,9.142857142857142,10.428571428571429,10.489795918367346
2020-07-09,36951,1551,25477,27028,9923,262.0,9.0,265.3333333333333,257.85714285714283,274.35714285714283,8.285714285714286,9.928571428571429,10.020408163265305
2020-07-10,37216,1562,26048,27610,9606,265.0,11.0,268.0,258.7142857142857,272.92857142857144,7.857142857142858,9.5,9.551020408163266
2020-07-11,37521,1568,26635,28203,9318,305.0,6.0,277.3333333333333,257.42857142857144,271.92857142857144,8.142857142857142,9.5,9.16326530612245
2020-07-12,37891,1571,27148,28719,9172,370.0,3.0,313.3333333333333,277.2857142857143,284.57142857142856,7.857142857142858,9.428571428571429,8.714285714285714
2020-07-13,38190,1576,27515,29091,9099,299.0,5.0,324.6666666666667,290.7142857142857,288.2857142857143,8.0,9.357142857142858,8.326530612244897
2020-07-14,38457,1588,27756,29344,9113,267.0,12.0,312.0,292.14285714285717,290.2857142857143,8.714285714285714,8.857142857142858,8.285714285714286
2020-07-15,38721,1594,28492,30086,8635,264.0,6.0,276.6666666666667,290.2857142857143,281.85714285714283,7.428571428571429,8.285714285714286,8.040816326530612
2020-07-16,39054,1604,28928,30532,8522,333.0,10.0,288.0,300.42857142857144,279.14285714285717,7.571428571428571,7.928571428571429,7.938775510204081
2020-07-17,39407,1611,29505,31116,8291,353.0,7.0,316.6666666666667,313.0,285.85714285714283,7.0,7.428571428571429,7.816326530612246
2020-07-18,39746,1617,29924,31541,8205,339.0,6.0,341.6666666666667,317.85714285714283,287.64285714285717,7.0,7.571428571428571,7.653061224489797
2020-07-19,40104,1623,30292,31915,8189,358.0,6.0,350.0,316.14285714285717,296.7142857142857,7.428571428571429,7.642857142857142,7.59183673469388
2020-07-20,40383,1627,30539,32166,8217,279.0,4.0,325.3333333333333,313.2857142857143,302.0,7.2857142857142865,7.642857142857142,7.489795918367349
2020-07-21,40782,1636,30771,32407,8375,399.0,9.0,345.33333333333326,332.14285714285717,312.14285714285717,6.857142857142858,7.7857142857142865,7.22448979591837
2020-07-22,41162,1642,31139,32781,8381,380.0,6.0,352.66666666666674,348.71428571428567,319.5,6.857142857142858,7.142857142857142,7.142857142857144
2020-07-23,41580,1651,31541,33192,8388,418.0,9.0,399.0,360.8571428571428,330.64285714285717,6.7142857142857135,7.142857142857142,7.020408163265308
2020-07-24,42038,1655,31997,33652,8386,458.0,4.0,418.66666666666674,375.8571428571428,344.42857142857144,6.2857142857142865,6.642857142857142,6.918367346938777
2020-07-25,42622,1664,32419,34083,8539,584.0,9.0,486.66666666666674,410.8571428571428,364.3571428571428,6.7142857142857135,6.857142857142858,6.8775510204081645
2020-07-26,43065,1671,32753,34424,8641,443.0,7.0,495.0,423.0,369.57142857142856,6.857142857142858,7.142857142857142,6.79591836734694
2020-07-27,43402,1676,32856,34532,8870,337.0,5.0,454.66666666666674,431.28571428571433,372.28571428571433,7.0,7.142857142857142,6.755102040816327
2020-07-28,43904,1682,33043,34725,9179,502.0,6.0,427.33333333333326,446.0,389.07142857142856,6.571428571428571,6.7142857142857135,6.714285714285714
2020-07-29,44416,1694,33190,34884,9532,512.0,12.0,450.33333333333326,464.8571428571428,406.78571428571433,7.428571428571429,7.142857142857142,6.795918367346942
2020-07-30,45031,1709,33643,35352,9679,615.0,15.0,543.0,493.0,426.9285714285714,8.285714285714286,7.5,7.020408163265308
2020-07-31,45688,1716,33987,35703,9985,657.0,7.0,594.6666666666666,521.4285714285714,448.6428571428572,8.714285714285714,7.5,7.367346938775513
2020-08-01,46346,1721,34374,36095,10251,658.0,5.0,643.3333333333334,532.0,471.4285714285714,8.142857142857142,7.428571428571429,7.571428571428572
2020-08-02,46894,1731,34709,36440,10454,548.0,10.0,621.0,547.0,485.0,8.571428571428571,7.7142857142857135,7.816326530612246
2020-08-03,47469,1732,34881,36613,10856,575.0,1.0,593.6666666666666,581.0,506.1428571428572,8.0,7.5,7.959183673469388
2020-08-04,48149,1738,35056,36794,11355,680.0,6.0,601.0,606.4285714285714,526.2142857142857,8.0,7.2857142857142865,8.163265306122451
2020-08-05,48789,1756,35321,37077,11712,640.0,18.0,631.6666666666666,624.7142857142858,544.7857142857143,8.857142857142858,8.142857142857142,8.367346938775514
2020-08-06,49515,1774,35642,37416,12099,726.0,18.0,682.0,640.5714285714286,566.7857142857142,9.285714285714286,8.785714285714286,8.510204081632656
2020-08-07,50324,1787,36041,37828,12496,809.0,13.0,725.0,662.2857142857142,591.8571428571429,10.142857142857142,9.428571428571429,8.714285714285719
2020-08-08,51167,1800,36403,38203,12964,843.0,13.0,792.6666666666665,688.7142857142858,610.3571428571429,11.285714285714285,9.714285714285714,9.163265306122453
2020-08-09,51791,1807,36691,38498,13293,624.0,7.0,758.6666666666665,699.5714285714287,623.2857142857142,10.857142857142858,9.714285714285714,9.489795918367351
2020-08-10,52410,1809,36877,38686,13724,619.0,2.0,695.3333333333335,705.8571428571429,643.4285714285714,11.0,9.5,9.91836734693878
2020-08-11,52961,1821,37150,38971,13990,551.0,12.0,598.0,687.4285714285713,646.9285714285714,11.857142857142858,9.928571428571429,10.469387755102046
2020-08-12,53676,1830,37611,39441,14235,715.0,9.0,628.3333333333334,698.1428571428571,661.4285714285714,10.571428571428571,9.714285714285714,10.71428571428572
2020-08-13,54487,1843,37961,39804,14683,811.0,13.0,692.3333333333335,710.2857142857142,675.4285714285714,9.857142857142858,9.571428571428571,10.795918367346943
2020-08-14,55319,1858,38362,40220,15099,832.0,15.0,786.0,713.5714285714287,687.9285714285713,10.142857142857142,10.142857142857142,10.795918367346943
2020-08-15,56090,1869,38853,40722,15368,771.0,11.0,804.6666666666665,703.2857142857142,696.0,9.857142857142858,10.571428571428571,10.591836734693883
2020-08-16,56684,1877,39130,41007,15677,594.0,8.0,732.3333333333335,699.0,699.2857142857142,10.0,10.428571428571429,10.469387755102042
2020-08-17,57279,1885,39359,41244,16035,595.0,8.0,653.3333333333334,695.5714285714287,700.7142857142858,10.857142857142858,10.928571428571427,10.448979591836736
2020-08-18,57876,1896,39643,41539,16337,597.0,11.0,595.3333333333334,702.1428571428571,694.7857142857142,10.714285714285714,11.285714285714285,10.285714285714286
2020-08-19,58611,1913,40099,42012,16599,735.0,17.0,642.3333333333334,705.0,701.5714285714287,11.857142857142858,11.214285714285712,10.469387755102042
2020-08-20,59378,1925,40481,42406,16972,767.0,12.0,699.6666666666665,698.7142857142858,704.5,11.714285714285715,10.785714285714288,10.734693877551024
2020-08-21,60281,1938,41029,42967,17314,903.0,13.0,801.6666666666665,708.8571428571429,711.2142857142858,11.428571428571427,10.785714285714288,10.918367346938776
2020-08-22,61181,1951,41661,43612,17569,900.0,13.0,856.6666666666665,727.2857142857142,715.2857142857142,11.714285714285715,10.785714285714288,11.183673469387756
2020-08-23,61762,1955,42183,44138,17624,581.0,4.0,794.6666666666665,725.4285714285713,712.2142857142858,11.142857142857142,10.571428571428571,11.346938775510207
2020-08-24,62310,1960,42448,44408,17902,548.0,5.0,676.3333333333334,718.7142857142858,707.1428571428571,10.714285714285714,10.785714285714288,11.326530612244895
2020-08-25,63073,1977,42784,44761,18312,763.0,17.0,630.6666666666666,742.4285714285713,722.2857142857142,11.571428571428573,11.142857142857142,11.448979591836734
2020-08-26,63802,1994,43399,45393,18409,729.0,17.0,680.0,741.5714285714287,723.2857142857142,11.571428571428573,11.714285714285715,11.40816326530612
2020-08-27,64689,2009,44097,46106,18583,887.0,15.0,793.0,758.7142857142858,728.7142857142858,12.0,11.857142857142858,11.448979591836734
2020-08-28,65480,2018,44785,46803,18677,791.0,9.0,802.3333333333335,742.7142857142858,725.7857142857142,11.428571428571427,11.428571428571427,11.448979591836734
2020-08-29,66239,2032,45536,47568,18671,759.0,14.0,812.3333333333335,722.5714285714287,724.9285714285713,11.571428571428573,11.642857142857142,11.428571428571427
2020-08-30,66870,2033,46192,48225,18645,631.0,1.0,727.0,729.7142857142858,727.5714285714287,11.142857142857142,11.142857142857142,11.428571428571427
2020-08-31,67372,2039,46638,48677,18695,502.0,6.0,630.6666666666666,723.1428571428571,720.9285714285713,11.285714285714285,11.0,11.510204081632654
2020-09-01,67922,2058,47030,49088,18834,550.0,19.0,561.0,692.7142857142858,717.5714285714287,11.571428571428573,11.571428571428573,11.510204081632654
2020-09-02,68517,2078,47865,49943,18574,595.0,20.0,549.0,673.5714285714286,707.5714285714287,12.0,11.785714285714285,11.571428571428573
2020-09-03,69129,2092,48593,50685,18444,612.0,14.0,585.6666666666666,634.2857142857142,696.5,11.857142857142858,11.928571428571427,11.551020408163268
2020-09-04,69820,2100,49820,51920,17900,691.0,8.0,632.6666666666666,620.0,681.3571428571429,11.714285714285715,11.571428571428573,11.59183673469388
2020-09-05,70387,2113,52346,54459,15928,567.0,13.0,623.3333333333334,592.5714285714286,657.5714285714286,11.571428571428573,11.571428571428573,11.59183673469388
2020-09-06,70824,2120,54256,56376,14448,437.0,7.0,565.0,564.8571428571429,647.2857142857142,12.428571428571427,11.785714285714285,11.775510204081636
2020-09-07,71126,2123,55113,57236,13890,302.0,3.0,435.33333333333326,536.2857142857143,629.7142857142858,12.0,11.642857142857142,11.877551020408163
2020-09-08,71526,2135,55910,58045,13481,400.0,12.0,379.66666666666674,514.8571428571429,603.7857142857142,11.0,11.285714285714285,11.79591836734694
2020-09-09,71947,2146,57135,59281,12666,421.0,11.0,374.33333333333326,490.0,581.7857142857142,9.714285714285714,10.857142857142858,11.469387755102042
2020-09-10,72453,2158,58069,60227,12226,506.0,12.0,442.33333333333326,474.8571428571428,554.5714285714286,9.428571428571429,10.642857142857142,11.122448979591837
2020-09-11,73047,2168,58848,61016,12031,594.0,10.0,507.0,461.0,540.5,9.714285714285714,10.714285714285714,10.83673469387755
2020-09-12,73650,2181,59725,61906,11744,603.0,13.0,567.6666666666666,466.1428571428572,529.3571428571429,9.714285714285714,10.642857142857142,10.571428571428571
2020-09-13,74152,2187,60659,62846,11306,502.0,6.0,566.3333333333334,475.4285714285714,520.1428571428571,9.571428571428571,11.0,10.16326530612245
2020-09-14,74529,2202,61097,63299,11230,377.0,15.0,494.0,486.1428571428572,511.21428571428567,11.285714285714285,11.642857142857142,10.06122448979592
2020-09-15,75134,2226,61548,63774,11360,605.0,24.0,494.66666666666674,515.4285714285714,515.1428571428571,13.0,12.0,10.346938775510203
2020-09-16,75734,2236,62110,64346,11388,600.0,10.0,527.3333333333334,541.0,515.5,12.857142857142858,11.285714285714285,10.79591836734694
2020-09-17,76571,2252,62725,64977,11594,837.0,16.0,680.6666666666666,588.2857142857142,531.5714285714286,13.428571428571427,11.428571428571427,11.36734693877551
2020-09-18,77328,2269,63312,65581,11747,757.0,17.0,731.3333333333335,611.5714285714286,536.2857142857143,14.428571428571427,12.071428571428573,12.040816326530615
2020-09-19,78330,2281,63861,66142,12188,1002.0,12.0,865.3333333333335,668.5714285714286,567.3571428571429,14.285714285714285,12.0,12.693877551020412
2020-09-20,79240,2292,64302,66594,12646,910.0,11.0,889.6666666666665,726.8571428571429,601.1428571428571,15.0,12.285714285714285,13.469387755102046
2020-09-21,79988,2297,64604,66901,13087,748.0,5.0,886.6666666666665,779.8571428571429,633.0,13.571428571428573,12.428571428571427,13.795918367346944
2020-09-22,80699,2315,64972,67287,13412,711.0,18.0,789.6666666666665,795.0,655.2142857142858,12.714285714285715,12.857142857142858,13.755102040816329
2020-09-23,81673,2343,65561,67904,13769,974.0,28.0,811.0,848.4285714285713,694.7142857142858,15.285714285714285,14.071428571428573,14.102040816326534
2020-09-24,82809,2368,66158,68526,14283,1136.0,25.0,940.3333333333335,891.1428571428571,739.7142857142858,16.571428571428573,15.0,14.551020408163268
2020-09-25,84396,2391,66740,69131,15265,1587.0,23.0,1232.3333333333333,1009.7142857142856,810.6428571428571,17.428571428571427,15.928571428571427,14.979591836734695
2020-09-26,85980,2423,67326,69749,16231,1584.0,32.0,1435.666666666667,1092.857142857143,880.7142857142858,20.285714285714285,17.285714285714285,15.836734693877554
2020-09-27,87330,2431,67904,70335,16995,1350.0,8.0,1507.0,1155.7142857142858,941.2857142857144,19.857142857142858,17.428571428571427,16.530612244897963
2020-09-28,88636,2446,68420,70866,17770,1306.0,15.0,1413.333333333333,1235.4285714285713,1007.6428571428572,21.285714285714285,17.428571428571427,17.632653061224488
2020-09-29,89962,2482,68955,71437,18525,1326.0,36.0,1327.3333333333333,1323.2857142857142,1059.142857142857,23.857142857142854,18.285714285714285,19.224489795918366
2020-09-30,91514,2512,69695,72207,19307,1552.0,30.0,1394.666666666667,1405.857142857143,1127.142857142857,24.142857142857146,19.714285714285715,20.489795918367342
2020-10-01,93481,2542,70401,72943,20538,1967.0,30.0,1615.0,1524.571428571429,1207.857142857143,24.857142857142854,20.714285714285715,21.673469387755095
2020-10-02,95773,2569,71353,73922,21851,2292.0,27.0,1937.0,1625.2857142857142,1317.5,25.42857142857143,21.428571428571427,22.81632653061224
2020-10-03,98140,2603,72209,74812,23328,2367.0,34.0,2208.6666666666665,1737.142857142857,1415.0,25.714285714285715,23.0,23.59183673469388
2020-10-04,100074,2629,73003,75632,24442,1934.0,26.0,2197.6666666666665,1820.571428571429,1488.142857142857,28.285714285714285,24.07142857142857,24.795918367346932
2020-10-05,102080,2658,73552,76210,25870,2006.0,29.0,2102.333333333333,1920.571428571429,1578.0,30.285714285714285,25.785714285714285,26.081632653061227
2020-10-06,104316,2716,74158,76874,27442,2236.0,58.0,2058.6666666666665,2050.5714285714284,1686.928571428571,33.42857142857143,28.642857142857146,27.448979591836732
2020-10-07,107319,2791,75346,78137,29182,3003.0,75.0,2415.0,2257.857142857143,1831.857142857143,39.857142857142854,32.0,29.693877551020414
2020-10-08,111599,2867,76490,79357,32242,4280.0,76.0,3173.0,2588.285714285714,2056.428571428572,46.42857142857143,35.642857142857146,32.775510204081634
2020-10-09,116338,2919,77875,80794,35544,4739.0,52.0,4007.333333333334,2937.857142857143,2281.5714285714284,50.0,37.714285714285715,36.285714285714285
2020-10-10,121638,2972,78982,81954,39684,5300.0,53.0,4773.0,3356.857142857143,2547.0,52.714285714285715,39.214285714285715,40.142857142857146
2020-10-11,125816,3003,80302,83305,42511,4178.0,31.0,4739.0,3677.4285714285716,2749.0,53.42857142857143,40.857142857142854,43.734693877551024
2020-10-12,130210,3038,81201,84239,45971,4394.0,35.0,4624.0,4018.571428571429,2969.5714285714284,54.28571428571429,42.285714285714285,47.163265306122454
2020-10-13,135278,3101,82004,85105,50173,5068.0,63.0,4546.666666666667,4423.142857142857,3236.857142857143,55.0,44.214285714285715,50.24489795918368
2020-10-14,141804,3217,83847,87064,54740,6526.0,116.0,5329.333333333333,4926.428571428572,3592.142857142857,60.85714285714285,50.35714285714285,53.24489795918368
2020-10-15,149903,3308,85588,88896,61007,8099.0,91.0,6564.333333333332,5472.0,4030.142857142857,63.0,54.714285714285715,55.61224489795917
2020-10-16,157608,3440,87773,91213,66395,7705.0,132.0,7443.333333333332,5895.714285714284,4416.785714285715,74.42857142857143,62.214285714285715,59.102040816326536
2020-10-17,167230,3524,90162,93686,73544,9622.0,84.0,8475.333333333334,6513.142857142857,4935.0,78.85714285714286,65.78571428571429,62.83673469387754
2020-10-18,175766,3573,92651,96224,79542,8536.0,49.0,8621.0,7135.714285714284,5406.571428571428,81.42857142857143,67.42857142857143,66.83673469387755
2020-10-19,183248,3614,94014,97628,85620,7482.0,41.0,8546.666666666666,7576.857142857143,5797.714285714284,82.28571428571429,68.28571428571429,70.83673469387755
2020-10-20,192539,3721,95956,99677,92862,9291.0,107.0,8436.333333333334,8180.142857142857,6301.642857142857,88.57142857142857,71.78571428571429,75.63265306122447
2020-10-21,202579,3851,98884,102735,99844,10040.0,130.0,8937.666666666666,8682.142857142857,6804.285714285716,90.57142857142857,75.71428571428571,79.87755102040815
2020-10-22,214686,4019,102204,106223,108463,12107.0,168.0,10479.333333333334,9254.714285714286,7363.357142857143,101.57142857142857,82.28571428571429,85.38775510204081
2020-10-23,228318,4172,105092,109264,119054,13632.0,153.0,11926.333333333336,10101.42857142857,7998.571428571428,104.57142857142857,89.5,89.69387755102039
2020-10-24,241946,4350,109344,113694,128252,13628.0,178.0,13122.333333333336,10673.714285714286,8593.42857142857,118.0,98.42857142857143,95.28571428571426
2020-10-25,253688,4437,112619,117056,136632,11742.0,87.0,13000.666666666664,11131.714285714286,9133.714285714286,123.42857142857143,102.42857142857143,101.28571428571426
2020-10-26,263929,4482,115302,119784,144145,10241.0,45.0,11870.333333333336,11525.857142857143,9551.357142857143,124.0,103.14285714285714,107.24489795918363
2020-10-27,280229,4614,119237,123851,156378,16300.0,132.0,12761.0,12527.142857142857,10353.642857142857,127.57142857142857,108.07142857142857,112.81632653061222
2020-10-28,299049,4848,123504,128352,170697,18820.0,234.0,15120.333333333336,13781.428571428569,11231.785714285714,142.42857142857142,116.5,120.22448979591834
2020-10-29,319205,5149,129267,134416,184789,20156.0,301.0,18425.33333333333,14931.285714285714,12093.0,161.42857142857142,131.5,128.77551020408166
2020-10-30,340834,5351,134724,140075,200759,21629.0,202.0,20201.666666666668,16073.714285714286,13087.571428571431,168.42857142857142,136.5,137.89795918367344
2020-10-31,362731,5631,140280,145911,216820,21897.0,280.0,21227.33333333333,17255.0,13964.357142857143,183.0,150.5,147.18367346938774
2020-11-01,379902,5783,146595,152378,227524,17171.0,152.0,20232.33333333333,18030.571428571428,14581.142857142857,192.28571428571428,157.85714285714286,157.0204081632653
2020-11-02,395480,5875,154413,160288,235192,15578.0,92.0,18215.33333333333,18793.0,15159.428571428569,199.0,161.5,167.73469387755105
2020-11-03,414844,6102,159986,166088,248756,19364.0,227.0,17371.0,19230.714285714286,15878.928571428569,212.57142857142856,170.07142857142858,179.87755102040816
2020-11-04,439536,6474,168960,175434,264102,24692.0,372.0,19878.0,20069.571428571428,16925.5,232.28571428571428,187.35714285714286,192.7142857142857
2020-11-05,466679,6841,177681,184522,282157,27143.0,367.0,23733.0,21067.714285714286,17999.5,241.7142857142857,201.57142857142856,204.18367346938774
2020-11-06,493765,7286,188675,195961,297804,27086.0,445.0,26307.0,21847.285714285714,18960.5,276.42857142857144,222.42857142857144,219.6122448979592
2020-11-07,521640,7635,200510,208145,313495,27875.0,349.0,27368.0,22701.285714285717,19978.14285714286,286.2857142857143,234.64285714285717,234.36734693877548
2020-11-08,546425,7871,209363,217234,329191,24785.0,236.0,26582.0,23789.0,20909.785714285714,298.2857142857143,245.28571428571428,249.51020408163268
2020-11-09,568138,8044,219371,227415,340723,21713.0,173.0,24791.0,24665.42857142857,21729.214285714286,309.85714285714283,254.42857142857144,265.34693877551024
2020-11-10,593592,8374,230661,239035,354557,25454.0,330.0,23984.0,25535.42857142857,22383.071428571428,324.57142857142856,268.57142857142856,281.3469387755102
2020-11-11,618813,8803,242875,251678,367135,25221.0,429.0,24129.33333333333,25611.0,22840.285714285717,332.7142857142857,282.5,295.6938775510204
2020-11-12,641496,9078,254349,263427,378069,22683.0,275.0,24452.66666666667,24973.857142857138,23020.785714285717,319.57142857142856,280.64285714285717,306.8163265306122
2020-11-13,665547,9497,267580,277077,388470,24051.0,419.0,23985.0,24540.285714285717,23193.785714285717,315.85714285714283,296.14285714285717,312.44897959183663
2020-11-14,691118,10045,282215,292260,398858,25571.0,548.0,24101.66666666667,24211.142857142862,23456.214285714286,344.28571428571433,315.2857142857143,320.7346938775509
2020-11-15,712972,10348,294783,305131,407841,21854.0,303.0,23825.33333333333,23792.42857142857,23790.714285714286,353.8571428571428,326.07142857142856,328.673469387755
2020-11-16,733788,10491,306022,316513,417275,20816.0,143.0,22747.0,23664.285714285717,24164.857142857138,349.57142857142856,329.7142857142857,334.34693877551007
2020-11-17,752940,10848,324282,335130,417810,19152.0,357.0,20607.33333333333,22764.0,24149.714285714286,353.42857142857144,339.0,338.469387755102
2020-11-18,772823,11451,342883,354334,418489,19883.0,603.0,19950.33333333333,22001.42857142857,23806.214285714286,378.28571428571433,355.5,344.97959183673464
2020-11-19,796798,12088,361886,373974,422824,23975.0,637.0,21003.33333333333,22186.0,23579.92857142857,430.0,374.78571428571433,360.75510204081627
2020-11-20,819262,12714,381800,394514,424748,22464.0,626.0,22107.33333333333,21959.285714285714,23249.785714285717,459.57142857142856,387.71428571428567,381.28571428571416
2020-11-21,843475,13288,407075,420363,423112,24213.0,574.0,23550.66666666667,21765.285714285714,22988.214285714286,463.28571428571433,403.78571428571433,398.28571428571416
2020-11-22,861331,13618,423971,437589,424353,17856.0,330.0,21511.0,21194.14285714286,22493.285714285717,467.1428571428572,410.5,414.4693877551021
2020-11-23,876333,13774,438868,452642,423691,15002.0,156.0,19023.666666666668,20363.571428571428,22013.92857142857,469.0,409.28571428571433,431.530612244898
2020-11-24,909066,14314,454717,469031,417441,32733.0,540.0,21863.666666666668,22303.714285714286,22533.857142857138,495.1428571428572,424.28571428571433,451.7755102040816
2020-11-25,924428,14988,469527,484515,439913,15362.0,674.0,21032.33333333333,21657.85714285714,21829.64285714286,505.28571428571433,441.78571428571433,469.9183673469388
2020-11-26,941115,15568,494869,510437,430678,16687.0,580.0,21594.0,20616.714285714286,21401.35714285714,497.1428571428572,463.57142857142856,479.5102040816327
2020-11-27,958175,16147,516636,532783,425392,17060.0,579.0,16369.666666666664,19844.714285714286,20902.0,490.4285714285714,475.0,483.91836734693885
2020-11-28,973353,16746,538273,555019,418334,15178.0,599.0,16308.333333333336,18554.0,20159.64285714286,494.0,478.6428571428572,488.3061224489797
2020-11-29,984836,17029,559429,576458,408378,11483.0,283.0,14573.666666666664,17643.571428571428,19418.85714285714,487.28571428571433,477.21428571428567,491.1836734693878
2020-11-30,990569,17150,577514,594664,395905,5733.0,121.0,10798.0,16319.428571428569,18341.5,482.28571428571433,475.6428571428572,493.0816326530612
2020-12-01,999674,17599,597589,615188,384486,9105.0,449.0,8773.666666666666,12944.0,17623.85714285714,469.28571428571433,482.21428571428567,489.3877551020408
2020-12-02,1013529,18208,622980,641188,372341,13855.0,609.0,9564.333333333334,12728.714285714286,17193.285714285714,460.0,482.6428571428572,482.9183673469388
2020-12-03,1028367,18828,646560,665388,362979,14838.0,620.0,12599.333333333336,12464.571428571431,16540.64285714286,465.71428571428567,481.4285714285714,478.4285714285714
2020-12-04,1041606,19359,666413,685772,355834,13239.0,531.0,13977.333333333336,11918.714285714286,15881.714285714286,458.8571428571428,474.6428571428572,473.9183673469388
2020-12-05,1054036,19861,687910,707771,346265,12430.0,502.0,13502.333333333336,11526.142857142857,15040.071428571431,445.0,469.5,466.9183673469388
2020-12-06,1063212,20089,706720,726809,336403,9176.0,228.0,11615.0,11196.571428571431,14420.071428571431,437.1428571428572,462.21428571428567,459.7551020408163
2020-12-07,1067635,20181,722446,742627,325008,4423.0,92.0,8676.333333333334,11009.428571428569,13664.428571428569,433.0,457.6428571428572,452.71428571428567
2020-12-08,1075947,20592,738845,759437,316510,8312.0,411.0,7303.666666666668,10896.142857142857,11920.071428571431,427.57142857142856,448.4285714285714,446.7551020408163
2020-12-09,1088115,21160,768241,789401,298714,12168.0,568.0,8301.0,10655.142857142857,11691.928571428569,421.71428571428567,440.8571428571428,441.28571428571433
2020-12-10,1101864,21630,792119,813749,288115,13749.0,470.0,11409.666666666664,10499.57142857143,11482.071428571431,400.28571428571433,433.0,431.938775510204
2020-12-11,1114974,22174,815356,837530,277444,13110.0,544.0,13009.0,10481.142857142857,11199.928571428569,402.1428571428572,430.5,423.83673469387764
2020-12-12,1126471,22676,840541,863217,263254,11497.0,502.0,12785.333333333336,10347.857142857143,10937.0,402.1428571428572,423.57142857142856,417.71428571428584
2020-12-13,1135448,22864,858895,881759,253689,8977.0,188.0,11194.666666666664,10319.42857142857,10758.0,396.4285714285714,416.78571428571433,411.8979591836736
2020-12-14,1140344,22960,869155,892115,248229,4896.0,96.0,8456.666666666666,10387.0,10698.214285714286,397.0,415.0,406.7551020408163
2020-12-15,1147251,23309,879748,903057,244194,6907.0,349.0,6926.666666666668,10186.285714285714,10541.214285714286,388.1428571428572,407.8571428571428,401.1224489795919
2020-12-16,1159705,23914,892650,916564,243141,12454.0,605.0,8085.666666666668,10227.142857142857,10441.142857142857,393.4285714285714,407.57142857142856,397.0816326530613
2020-12-17,1171658,24345,903349,927694,243964,11953.0,431.0,10438.0,9970.57142857143,10235.07142857143,387.8571428571428,394.07142857142856,395.3061224489797
2020-12-18,1182671,24771,915576,940347,242324,11013.0,426.0,11806.666666666664,9671.0,10076.07142857143,371.0,386.57142857142856,390.85714285714295
2020-12-19,1193938,25254,927723,952977,240961,11267.0,483.0,11411.0,9638.142857142857,9993.0,368.28571428571433,385.21428571428567,386.02040816326536
2020-12-20,1202532,25397,938269,963666,238866,8594.0,143.0,10291.333333333334,9583.42857142857,9951.42857142857,361.8571428571428,379.1428571428572,381.0816326530612
2020-12-21,1207165,25474,946017,971491,235674,4633.0,77.0,8164.666666666668,9545.857142857143,9966.42857142857,359.1428571428572,378.07142857142856,375.6734693877551
2020-12-22,1214357,25783,954272,980055,234302,7192.0,309.0,6806.333333333332,9586.57142857143,9886.42857142857,353.42857142857144,370.78571428571433,370.71428571428567
2020-12-23,1226718,26255,965178,991433,235285,12361.0,472.0,8062.0,9573.285714285714,9900.214285714286,334.42857142857144,363.9285714285714,362.28571428571433
2020-12-24,1239833,26752,975876,1002628,237205,13115.0,497.0,10889.333333333334,9739.285714285714,9854.92857142857,343.8571428571428,365.8571428571428,356.0
2020-12-25,1248910,26992,984683,1011675,237235,9077.0,240.0,11517.666666666664,9462.714285714286,9566.857142857143,317.2857142857143,344.1428571428572,348.3265306122449
2020-12-26,1253958,27061,992381,1019442,234516,5048.0,69.0,9080.0,8574.285714285714,9106.214285714286,258.14285714285717,313.2142857142857,332.59183673469386
2020-12-27,1257636,27118,999610,1026728,230908,3678.0,57.0,5934.333333333332,7872.0,8727.714285714286,245.85714285714286,303.85714285714283,316.02040816326536
2020-12-28,1260847,27147,1005376,1032523,228324,3211.0,29.0,3979.0,7668.857142857143,8607.357142857143,239.0,299.07142857142856,298.85714285714283
2020-12-29,1268761,27454,1014005,1041459,227302,7914.0,307.0,4934.333333333333,7772.0,8679.285714285714,238.7142857142857,296.07142857142856,282.4693877551021
2020-12-30,1281716,28019,1025889,1053908,227808,12955.0,565.0,8026.666666666668,7856.857142857143,8715.07142857143,252.0,293.2142857142857,270.6938775510204
2020-12-31,1295113,28551,1036138,1064689,230424,13397.0,532.0,11422.0,7897.142857142857,8818.214285714286,257.0,300.42857142857144,258.2857142857143
2021-01-01,1306121,28951,1046281,1075232,230889,11008.0,400.0,12453.333333333336,8173.0,8817.857142857143,279.85714285714283,298.57142857142856,252.9387755102041
2021-01-02,1313066,29053,1055436,1084489,228577,6945.0,102.0,10450.0,8444.0,8509.142857142857,284.57142857142856,271.35714285714283,256.7142857142857
2021-01-03,1318805,29114,1063093,1092207,226598,5739.0,61.0,7897.333333333332,8738.42857142857,8305.214285714286,285.14285714285717,265.5,262.32653061224494
2021-01-04,1323237,29156,1069554,1098710,224527,4432.0,42.0,5705.333333333332,8912.857142857143,8290.857142857143,287.0,263.0,269.1836734693877
2021-01-05,1330861,29497,1078892,1108389,222472,7624.0,341.0,5931.666666666668,8871.42857142857,8321.714285714286,291.85714285714283,265.2857142857143,276.7755102040815
2021-01-06,1345012,30050,1087744,1117794,227218,14151.0,553.0,8735.666666666666,9042.285714285714,8449.57142857143,290.14285714285717,271.07142857142856,282.22448979591826
2021-01-07,1357066,30236,1095616,1125852,231214,12054.0,186.0,11276.333333333336,8850.42857142857,8373.785714285714,240.7142857142857,248.85714285714286,279.8979591836734
2021-01-08,1365856,30568,1104599,1135167,230689,8790.0,332.0,11665.0,8533.57142857143,8353.285714285714,231.0,255.42857142857144,272.9183673469387
2021-01-09,1376404,31006,1113738,1144744,231660,10548.0,438.0,10464.0,9048.285714285714,8746.142857142857,279.0,281.7857142857143,272.1224489795917
2021-01-10,1385814,31183,1123318,1154501,231313,9410.0,177.0,9582.666666666666,9572.714285714286,9155.57142857143,295.57142857142856,290.35714285714283,273.6122448979591
2021-01-11,1390436,31258,1130460,1161718,228718,4622.0,75.0,8193.333333333334,9599.857142857143,9256.357142857143,300.2857142857143,293.64285714285717,275.5102040816326
2021-01-12,1396005,31584,1138126,1169710,226295,5569.0,326.0,6533.666666666668,9306.285714285714,9088.857142857143,298.14285714285717,295.0,276.4081632653061
2021-01-13,1405058,32065,1147123,1179188,225870,9053.0,481.0,6414.666666666668,8578.0,8810.142857142857,287.85714285714283,289.0,276.08163265306115
2021-01-14,1414494,32446,1155823,1188269,226225,9436.0,381.0,8019.333333333332,8204.0,8527.214285714286,315.7142857142857,278.2142857142857,286.79591836734687
2021-01-15,1422289,32832,1164650,1197482,224807,7795.0,386.0,8761.333333333334,8061.857142857143,8297.714285714286,323.42857142857144,277.2142857142857,299.99999999999994
2021-01-16,1429701,33201,1173087,1206288,223413,7412.0,369.0,8214.333333333334,7613.857142857143,8331.07142857143,313.57142857142856,296.2857142857143,304.938775510204
2021-01-17,1435756,33343,1181326,1214669,221087,6055.0,142.0,7087.333333333332,7134.571428571428,8353.642857142857,308.57142857142856,302.07142857142856,306.79591836734687
2021-01-18,1439027,33395,1187719,1221114,217913,3271.0,52.0,5579.333333333332,6941.571428571428,8270.714285714286,305.2857142857143,302.7857142857143,307.5102040816326
2021-01-19,1443862,33686,1197034,1230720,213142,4835.0,291.0,4720.333333333333,6836.714285714284,8071.5,300.2857142857143,299.2142857142857,307.8163265306121
2021-01-20,1450781,34129,1207359,1241488,209293,6919.0,443.0,5008.333333333333,6531.857142857143,7554.928571428572,294.85714285714283,291.35714285714283,308.8163265306121
2021-01-21,1457933,34548,1215732,1250280,207653,7152.0,419.0,6302.0,6205.571428571428,7204.785714285716,300.2857142857143,308.0,306.61224489795904
2021-01-22,1464573,34894,1213012,1247906,216667,6640.0,346.0,6903.666666666668,6040.571428571428,7051.214285714284,294.57142857142856,309.0,302.4897959183672
2021-01-23,1470895,35240,1222782,1258022,212873,6322.0,346.0,6704.666666666668,5884.857142857143,6749.357142857143,291.2857142857143,302.42857142857144,299.30612244897935
2021-01-24,1475578,35350,1230446,1265796,209782,4683.0,110.0,5881.666666666668,5688.857142857143,6411.714285714284,286.7142857142857,297.64285714285717,296.1836734693876
2021-01-25,1477997,35388,1237736,1273124,204873,2419.0,38.0,4474.666666666667,5567.142857142857,6254.357142857143,284.7142857142857,295.0,293.2448979591836
2021-01-26,1482601,35652,1243575,1279227,203374,4604.0,264.0,3902.0,5534.142857142857,6185.428571428572,280.85714285714283,290.57142857142856,290.4693877551019
2021-01-27,1489390,36041,1246267,1282308,207082,6789.0,389.0,4604.0,5515.571428571428,6023.714285714284,273.14285714285717,284.0,287.36734693877537
2021-01-28,1496546,36430,1250892,1287322,209224,7156.0,389.0,6183.0,5516.142857142857,5860.857142857143,268.85714285714283,284.57142857142856,282.87755102040813
2021-01-29,1502690,36766,1257352,1294118,208572,6144.0,336.0,6696.333333333332,5445.285714285715,5742.928571428572,267.42857142857144,281.0,278.99999999999994
2021-01-30,1508554,37069,1264574,1301643,206911,5864.0,303.0,6388.0,5379.857142857143,5632.357142857143,261.2857142857143,276.2857142857143,274.7142857142857
2021-01-31,1513260,37167,1270467,1307634,205626,4706.0,98.0,5571.333333333332,5383.142857142857,5536.0,259.57142857142856,273.14285714285717,270.8367346938775
2021-02-01,1515763,37209,1276636,1313845,201918,2503.0,42.0,4357.666666666667,5395.142857142857,5481.142857142857,260.14285714285717,272.42857142857144,267.3265306122448
2021-02-02,1520089,37462,1281396,1318858,201231,4326.0,253.0,3845.0,5355.428571428572,5444.785714285715,258.57142857142856,269.7142857142857,264.142857142857
2021-02-03,1526891,37883,1283698,1321581,205310,6802.0,421.0,4543.666666666667,5357.285714285715,5436.428571428572,263.14285714285717,268.14285714285717,262.7142857142856
2021-02-04,1533387,38327,1288163,1326490,206897,6496.0,444.0,5874.666666666668,5263.0,5389.571428571428,271.0,269.92857142857144,263.0204081632652
2021-02-05,1539440,38695,1294687,1333382,206058,6053.0,368.0,6450.333333333332,5250.0,5347.642857142857,275.57142857142856,271.5,264.1836734693876
2021-02-06,1545405,38978,1301571,1340549,204856,5965.0,283.0,6171.333333333332,5264.428571428572,5322.142857142857,272.7142857142857,267.0,265.8163265306121
2021-02-07,1550133,39071,1307161,1346232,203901,4728.0,93.0,5582.0,5267.571428571428,5325.357142857143,272.0,265.7857142857143,267.5918367346938
2021-02-08,1552564,39116,1312856,1351972,200592,2431.0,45.0,4374.666666666667,5257.285714285715,5326.214285714285,272.42857142857144,266.2857142857143,269.3469387755101
2021-02-09,1556593,39343,1317474,1356817,199776,4029.0,227.0,3729.333333333334,5214.857142857143,5285.142857142857,268.7142857142857,263.64285714285717,270.79591836734687
2021-02-10,1563523,39703,1319635,1359338,204185,6930.0,360.0,4463.333333333333,5233.142857142857,5295.214285714285,260.0,261.57142857142856,270.3469387755101
2021-02-11,1570531,40159,1324101,1364260,206271,7008.0,456.0,5989.0,5306.285714285715,5284.642857142857,261.7142857142857,266.35714285714283,269.0204081632652
2021-02-12,1576910,40406,1330127,1370533,206377,6379.0,247.0,6772.333333333332,5352.857142857143,5301.428571428572,244.42857142857144,260.0,264.5714285714285
2021-02-13,1583496,40690,1336467,1377157,206339,6586.0,284.0,6657.666666666668,5441.571428571428,5353.0,244.57142857142856,258.64285714285717,260.5510204081632
2021-02-14,1588830,40788,1342031,1382819,206011,5334.0,98.0,6099.666666666668,5528.142857142857,5397.857142857143,245.28571428571428,258.64285714285717,256.7346938775509
2021-02-15,1591373,40813,1347670,1388483,202890,2543.0,25.0,4821.0,5544.142857142857,5400.714285714285,242.42857142857144,257.42857142857144,252.44897959183663
2021-02-16,1596551,41009,1352443,1393452,203099,5178.0,196.0,4351.666666666667,5708.285714285716,5461.571428571428,238.0,253.35714285714286,248.06122448979585
2021-02-17,1605245,41288,1354598,1395886,209359,8694.0,279.0,5471.666666666667,5960.285714285716,5596.714285714284,226.42857142857144,243.2142857142857,243.2653061224489
2021-02-18,1614318,41561,1358666,1400227,214091,9073.0,273.0,7648.333333333332,6255.285714285716,5780.785714285716,200.28571428571428,231.0,234.4897959183672
2021-02-19,1623095,41802,1365216,1407018,216077,8777.0,241.0,8848.0,6597.857142857143,5975.357142857143,199.42857142857144,221.92857142857144,228.06122448979576
2021-02-20,1631605,42056,1372326,1414382,217223,8510.0,254.0,8786.666666666666,6872.714285714284,6157.142857142857,195.14285714285717,219.85714285714286,220.99999999999986
2021-02-21,1638643,42150,1378414,1420564,218079,7038.0,94.0,8108.333333333332,7116.142857142857,6322.142857142857,194.57142857142856,219.92857142857144,213.75510204081615
2021-02-22,1642533,42167,1384373,1426540,215993,3890.0,17.0,6479.333333333332,7308.571428571428,6426.357142857143,193.42857142857144,217.92857142857144,206.75510204081615
2021-02-23,1648843,42414,1389516,1431930,216913,6310.0,247.0,5746.0,7470.285714285716,6589.285714285716,200.7142857142857,219.35714285714286,201.42857142857133
2021-02-24,1660989,42786,1391981,1434767,226222,12146.0,372.0,7448.666666666668,7963.428571428572,6961.857142857143,214.0,220.2142857142857,199.65306122448968
2021-02-25,1673131,43072,1397342,1440414,232717,12142.0,286.0,10199.333333333334,8401.857142857143,7328.571428571428,215.85714285714286,208.07142857142856,201.87755102040802
2021-02-26,1684670,43331,1405552,1448883,235787,11539.0,259.0,11942.333333333336,8796.42857142857,7697.142857142857,218.42857142857144,208.92857142857144,204.59183673469374
2021-02-27,1696770,43634,1414461,1458095,238675,12100.0,303.0,11927.0,9309.285714285714,8091.0,225.42857142857144,210.28571428571428,208.91836734693862
2021-02-28,1706869,43748,1422829,1466577,240292,10099.0,114.0,11246.0,9746.57142857143,8431.357142857143,228.28571428571428,211.42857142857144,213.73469387755088
2021-03-01,1711655,43772,1430861,1474633,237022,4786.0,24.0,8995.0,9874.57142857143,8591.57142857143,229.28571428571428,211.35714285714286,218.85714285714272
2021-03-02,1719592,43988,1438032,1482020,237572,7937.0,216.0,7607.333333333332,10107.0,8788.642857142857,224.85714285714286,212.78571428571428,222.30612244897947
2021-03-03,1735290,44297,1441479,1485776,249514,15698.0,309.0,9473.666666666666,10614.42857142857,9288.92857142857,215.85714285714286,214.92857142857144,222.57142857142844
2021-03-04,1750540,44586,1448619,1493205,257335,15250.0,289.0,12961.666666666664,11058.428571428569,9730.142857142857,216.28571428571428,216.07142857142856,222.63265306122437
2021-03-05,1766369,44849,1459564,1504413,261956,15829.0,263.0,15592.333333333336,11671.285714285714,10233.857142857143,216.85714285714286,217.64285714285717,222.408163265306
2021-03-06,1781226,45094,1471608,1516702,264524,14857.0,245.0,15312.0,12065.142857142857,10687.214285714286,208.57142857142856,217.0,219.99999999999991
2021-03-07,1794800,45220,1482568,1527788,267012,13574.0,126.0,14753.333333333336,12561.571428571431,11154.071428571431,210.28571428571428,219.28571428571428,217.42857142857133
2021-03-08,1800970,45252,1494083,1539335,261635,6170.0,32.0,11533.666666666664,12759.285714285714,11316.928571428569,211.42857142857144,220.35714285714286,214.87755102040802
2021-03-09,1810924,45534,1503353,1548887,262037,9954.0,282.0,9899.333333333334,13047.428571428569,11577.214285714286,220.85714285714286,222.85714285714286,214.3061224489795
2021-03-10,1828184,45932,1507905,1553837,274347,17260.0,398.0,11128.0,13270.571428571431,11942.5,233.57142857142856,224.7142857142857,216.83673469387745
2021-03-11,1849229,46307,1516540,1562847,286382,21045.0,375.0,16086.333333333336,14098.428571428569,12578.428571428569,245.85714285714286,231.07142857142856,221.06122448979585
2021-03-12,1868004,46658,1530484,1577142,290862,18775.0,351.0,19026.666666666668,14519.285714285714,13095.285714285714,258.42857142857144,237.64285714285717,226.99999999999991
2021-03-13,1889053,47001,1546151,1593152,295901,21049.0,343.0,20289.666666666668,15403.857142857143,13734.5,272.42857142857144,240.5,236.12244897959167
2021-03-14,1906312,47111,1560227,1607338,298974,17259.0,110.0,19027.666666666668,15930.285714285714,14245.928571428569,270.14285714285717,240.2142857142857,244.67346938775498
2021-03-15,1917208,47139,1574455,1621594,295614,10896.0,28.0,16401.333333333332,16605.428571428572,14682.357142857143,269.57142857142856,240.5,252.97959183673458
2021-03-16,1931604,47511,1587164,1634675,296929,14396.0,372.0,14183.666666666664,17240.0,15143.714285714286,282.42857142857144,251.64285714285717,261.7755102040815
2021-03-17,1956656,47964,1593165,1641129,315527,25052.0,453.0,16781.333333333332,18353.14285714286,15811.857142857143,290.2857142857143,261.92857142857144,269.87755102040796
2021-03-18,1983934,48320,1603832,1652152,331782,27278.0,356.0,22242.0,19243.571428571428,16671.0,287.57142857142856,266.7142857142857,275.8367346938774
2021-03-19,2009932,48739,1620272,1669011,340921,25998.0,419.0,26109.33333333333,20275.428571428565,17397.35714285714,297.2857142857143,277.85714285714283,281.38775510204067
2021-03-20,2036337,49088,1640050,1689138,347199,26405.0,349.0,26560.33333333333,21040.571428571428,18222.214285714286,298.14285714285717,285.2857142857143,285.0612244897958
2021-03-21,2058186,49228,1656827,1706055,352131,21849.0,140.0,24750.66666666667,21696.285714285714,18813.285714285714,302.42857142857144,286.2857142857143,289.673469387755
2021-03-22,2072764,49293,1676008,1725301,347463,14578.0,65.0,20944.0,22222.285714285717,19413.85714285714,307.7142857142857,288.64285714285717,295.12244897959175
2021-03-23,2089505,49689,1693875,1743564,345941,16741.0,396.0,17722.666666666668,22557.285714285717,19898.64285714286,311.14285714285717,296.7857142857143,299.22448979591826
2021-03-24,2119483,50264,1707846,1758110,361373,29978.0,575.0,20432.33333333333,23261.0,20807.071428571428,328.57142857142856,309.42857142857144,304.6938775510203
2021-03-25,2153634,50784,1722856,1773640,379994,34151.0,520.0,26956.66666666667,24242.857142857138,21743.214285714286,352.0,319.7857142857143,313.8979591836734
2021-03-26,2188777,51227,1747223,1798450,390327,35143.0,443.0,33090.666666666664,25549.285714285717,22912.357142857138,355.42857142857144,326.35714285714283,322.204081632653
2021-03-27,2220534,51675,1775068,1826743,393791,31757.0,448.0,33683.666666666664,26313.857142857138,23677.214285714286,369.57142857142856,333.85714285714283,332.40816326530603
2021-03-28,2249787,51806,1798922,1850728,399059,29253.0,131.0,32051.0,27371.571428571428,24533.92857142857,368.28571428571433,335.35714285714283,341.8163265306121
2021-03-29,2266752,51854,1824431,1876285,390467,16965.0,48.0,25991.66666666667,27712.571428571428,24967.42857142857,365.8571428571428,336.7857142857143,350.1224489795917
2021-03-30,2287622,52315,1848199,1900514,387108,20870.0,461.0,22362.66666666667,28302.42857142857,25429.857142857138,375.1428571428572,343.14285714285717,359.2653061224488
2021-03-31,2320496,52968,1861925,1914893,405603,32874.0,653.0,23569.66666666667,28716.142857142862,25988.571428571428,386.28571428571433,357.42857142857144,367.51020408163254
2021-04-01,2355747,53589,1882179,1935768,419979,35251.0,621.0,29665.0,28873.285714285717,26558.071428571428,400.71428571428567,376.3571428571428,374.4693877551019
2021-04-02,2386293,54086,1911249,1965335,420958,30546.0,497.0,32890.333333333336,28216.571428571428,26882.92857142857,408.4285714285714,381.9285714285714,382.04081632653055
2021-04-03,2414366,54657,1945994,2000651,413715,28073.0,571.0,31290.0,27690.285714285717,27002.071428571428,426.0,397.78571428571433,390.1020408163264
2021-04-04,2437313,54861,1978433,2033294,404019,22947.0,204.0,27188.66666666667,26789.42857142857,27080.5,436.4285714285714,402.3571428571428,399.8367346938775
2021-04-05,2447215,54925,2009308,2064233,382982,9902.0,64.0,20307.33333333333,25780.42857142857,26746.5,438.71428571428567,402.28571428571433,410.2448979591837
2021-04-06,2455460,54985,2036577,2091562,363898,8245.0,60.0,13698.0,23976.857142857138,26139.642857142862,381.4285714285714,378.28571428571433,411.14285714285705
2021-04-07,2470370,55623,2054697,2110320,360050,14910.0,638.0,11019.0,21410.571428571428,25063.357142857138,379.28571428571433,382.78571428571433,410.14285714285705
2021-04-08,2498257,56577,2076504,2133081,365176,27887.0,954.0,17014.0,20358.571428571428,24615.92857142857,426.8571428571428,413.78571428571433,413.8775510204081
2021-04-09,2526744,57345,2107776,2165121,361623,28487.0,768.0,23761.33333333333,20064.428571428565,24140.5,465.57142857142856,437.0,422.04081632653055
2021-04-10,2551600,58094,2143065,2201159,350441,24856.0,749.0,27076.66666666667,19604.85714285714,23647.571428571428,491.0,458.5,431.3265306122448
2021-04-11,2573303,58339,2171301,2229640,343663,21703.0,245.0,25015.33333333333,19427.14285714286,23108.285714285717,496.8571428571428,466.6428571428572,439.95918367346917
2021-04-12,2585316,58400,2197782,2256182,329134,12013.0,61.0,19524.0,19728.714285714286,22754.571428571428,496.4285714285714,467.57142857142856,448.2040816326529
2021-04-13,2598543,59044,2219655,2278699,319844,13227.0,644.0,15647.666666666664,20440.428571428565,22208.642857142862,579.8571428571429,480.6428571428572,476.55102040816297
2021-04-14,2619826,59847,2229801,2289648,330178,21283.0,803.0,15507.666666666664,21350.85714285714,21380.714285714286,603.4285714285714,491.3571428571428,508.5714285714284
2021-04-15,2640956,60529,2238638,2299167,341789,21130.0,682.0,18546.666666666668,20385.571428571428,20372.071428571428,564.5714285714286,495.71428571428567,528.2448979591835
2021-04-16,2658803,61124,2255232,2316356,342447,17847.0,595.0,20086.666666666668,18865.571428571428,19465.0,539.8571428571429,502.71428571428567,538.8571428571428
2021-04-17,2674566,61740,2285221,2346961,327605,15763.0,616.0,18246.666666666668,17566.571428571428,18585.714285714286,520.8571428571429,505.9285714285714,543.1224489795917
2021-04-18,2686719,61947,2311145,2373092,313627,12153.0,207.0,15254.333333333336,16202.285714285714,17814.714285714286,515.4285714285714,506.1428571428572,545.7755102040817
2021-04-19,2694002,62048,2334978,2397026,296976,7283.0,101.0,11733.0,15526.571428571431,17627.64285714286,521.1428571428571,508.78571428571433,549.3061224489795
2021-04-20,2703248,62649,2354652,2417301,285947,9246.0,601.0,9560.666666666666,14957.857142857143,17699.14285714286,515.0,547.4285714285714,540.0408163265305
2021-04-21,2717174,63389,2366230,2429619,287555,13926.0,740.0,10151.666666666666,13906.857142857143,17628.85714285714,506.0,554.7142857142857,526.1224489795917
2021-04-22,2729936,64083,2380787,2444870,285066,12762.0,694.0,11978.0,12711.428571428569,16548.5,507.71428571428567,536.1428571428571,517.9999999999999
2021-04-23,2740794,64622,2401457,2466079,274715,10858.0,539.0,12515.333333333336,11713.0,15289.285714285714,499.71428571428567,519.7857142857143,512.2653061224488
2021-04-24,2750299,65135,2422659,2487794,262505,9505.0,513.0,11041.666666666664,10819.0,14192.785714285714,485.0,502.9285714285714,507.1428571428569
2021-04-25,2757518,65328,2439412,2504740,252778,7219.0,193.0,9194.0,10114.142857142857,13158.214285714286,483.0,499.21428571428567,502.51020408163237
2021-04-26,2760969,65350,2455055,2520405,240564,3451.0,22.0,6725.0,9566.714285714286,12546.642857142857,471.71428571428567,496.4285714285714,495.44897959183646
2021-04-27,2766678,65810,2467036,2532846,233832,5709.0,460.0,5459.666666666667,9061.42857142857,12009.642857142857,451.57142857142856,483.28571428571433,486.3877551020405
2021-04-28,2775573,66446,2473974,2540420,235153,8895.0,636.0,6018.333333333332,8342.714285714286,11124.785714285714,436.71428571428567,471.3571428571428,476.4897959183672
2021-04-29,2784000,66987,2483780,2550767,233233,8427.0,541.0,7677.0,7723.428571428572,10217.42857142857,414.8571428571428,461.28571428571433,463.224489795918
2021-04-30,2790796,67416,2496810,2564226,226570,6796.0,429.0,8039.333333333332,7143.142857142857,9428.07142857143,399.1428571428572,449.4285714285714,448.85714285714255
2021-05-01,2797265,67839,2510858,2578697,218568,6469.0,423.0,7230.666666666668,6709.428571428572,8764.214285714286,386.28571428571433,435.6428571428572,434.755102040816
2021-05-02,2801877,67983,2520968,2588951,212926,4612.0,144.0,5959.0,6337.0,8225.57142857143,379.28571428571433,431.1428571428572,419.93877551020375
2021-05-03,2804402,68020,2529844,2597864,206538,2525.0,37.0,4535.333333333333,6204.714285714284,7885.714285714284,381.4285714285714,426.57142857142856,407.0408163265303
2021-05-04,2806698,68048,2536931,2604979,201719,2296.0,28.0,3144.333333333333,5717.142857142857,7389.285714285716,319.7142857142857,385.6428571428572,388.20408163265273
2021-05-05,2810594,68397,2540684,2609081,201513,3896.0,349.0,2905.666666666666,5003.0,6672.857142857143,278.7142857142857,357.71428571428567,365.63265306122423
2021-05-06,2817025,68907,2546751,2615658,201367,6431.0,510.0,4207.666666666667,4717.857142857143,6220.642857142857,274.2857142857143,344.57142857142856,345.5510204081629
2021-05-07,2823072,69360,2555059,2624419,198653,6047.0,453.0,5458.0,4610.857142857143,5877.0,277.7142857142857,338.42857142857144,328.20408163265273
2021-05-08,2827837,69781,2563079,2632860,194977,4765.0,421.0,5747.666666666668,4367.428571428572,5538.428571428572,277.42857142857144,331.85714285714283,312.65306122448953
2021-05-09,2831689,69928,2569501,2639429,192260,3852.0,147.0,4888.0,4258.857142857143,5297.928571428572,277.85714285714283,328.57142857142856,298.1632653061221
2021-05-10,2833721,69950,2576034,2645984,187737,2032.0,22.0,3549.666666666666,4188.428571428572,5196.571428571428,275.7142857142857,328.57142857142856,283.0612244897956
2021-05-11,2836819,70269,2580245,2650514,186305,3098.0,319.0,2994.0,4303.0,5010.071428571428,317.2857142857143,318.5,282.7142857142854
2021-05-12,2841074,70612,2582519,2653131,187943,4255.0,343.0,3128.333333333333,4354.285714285715,4678.642857142857,316.42857142857144,297.57142857142856,288.10204081632617
2021-05-13,2844804,70954,2584751,2655705,189099,3730.0,342.0,3694.333333333334,3968.4285714285716,4343.142857142857,292.42857142857144,283.35714285714283,290.69387755102014
2021-05-14,2848092,71243,2589277,2660520,187572,3288.0,289.0,3757.666666666666,3574.285714285714,4092.571428571429,269.0,273.35714285714283,289.4489795918365
2021-05-15,2850988,71541,2595635,2667176,183812,2896.0,298.0,3304.666666666666,3307.285714285714,3837.357142857143,251.42857142857144,264.42857142857144,285.73469387755074
2021-05-16,2853155,71596,2600974,2672570,180585,2167.0,55.0,2783.666666666666,3066.5714285714284,3662.714285714286,238.28571428571428,258.07142857142856,280.0816326530609
2021-05-17,2854264,71607,2605703,2677310,176954,1109.0,11.0,2057.333333333333,2934.714285714286,3561.5714285714284,236.7142857142857,256.2142857142857,274.5102040816323
2021-05-18,2855998,71852,2609216,2681068,174930,1734.0,245.0,1670.0,2739.857142857143,3521.4285714285716,226.14285714285717,271.7142857142857,261.48979591836707
2021-05-19,2858342,72181,2610932,2683113,175229,2344.0,329.0,1729.0,2466.857142857143,3410.5714285714284,224.14285714285717,270.2857142857143,248.3061224489793
2021-05-20,2860428,72431,2614020,2686451,173977,2086.0,250.0,2054.6666666666665,2232.0,3100.214285714286,211.0,251.7142857142857,236.67346938775484
2021-05-21,2862107,72622,2618031,2690653,171454,1679.0,191.0,2036.333333333333,2002.142857142857,2788.214285714286,197.0,233.0,226.38775510204047
2021-05-22,2863623,72813,2621686,2694499,169124,1516.0,191.0,1760.333333333333,1805.0,2556.142857142857,181.7142857142857,216.57142857142856,216.42857142857116
2021-05-23,2864698,72859,2624724,2697583,167115,1075.0,46.0,1423.333333333333,1649.0,2357.785714285714,180.42857142857144,209.35714285714286,208.16326530612216
2021-05-24,2865257,72876,2627679,2700555,164702,559.0,17.0,1050.0,1570.428571428571,2252.5714285714284,181.28571428571428,209.0,200.2448979591834
2021-05-25,2866257,73027,2629626,2702653,163604,1000.0,151.0,878.0,1465.571428571429,2102.714285714286,167.85714285714286,197.0,191.91836734693848
2021-05-26,2867524,73236,2630581,2703817,163707,1267.0,209.0,942.0,1311.7142857142858,1889.2857142857144,150.71428571428572,187.42857142857144,181.42857142857116
2021-05-27,2868754,73371,2632484,2705855,162899,1230.0,135.0,1165.6666666666667,1189.4285714285713,1710.7142857142858,134.28571428571428,172.64285714285714,170.46938775510176
2021-05-28,2869700,73488,2634711,2708199,161501,946.0,117.0,1147.6666666666667,1084.7142857142858,1543.428571428571,123.71428571428572,160.35714285714286,159.99999999999972
2021-05-29,2870475,73613,2636675,2710288,160187,775.0,125.0,983.6666666666665,978.8571428571428,1391.928571428571,114.28571428571428,148.0,150.3673469387752
2021-05-30,2871054,73669,2638222,2711891,159163,579.0,56.0,766.6666666666665,908.0,1278.5,115.71428571428572,148.07142857142858,141.12244897959152
2021-05-31,2871387,73676,2639689,2713365,158022,333.0,7.0,562.3333333333334,875.7142857142858,1223.0714285714287,114.28571428571428,147.78571428571428,131.55102040816297
2021-06-01,2871975,73787,2640672,2714459,157516,588.0,111.0,500.0,816.8571428571429,1141.2142857142858,108.57142857142857,138.21428571428572,123.08163265306095
2021-06-02,2872639,73915,2641139,2715054,157585,664.0,128.0,528.3333333333334,730.7142857142858,1021.2142857142856,97.0,123.85714285714286,115.40816326530584
2021-06-03,2873211,74006,2642127,2716133,157078,572.0,91.0,608.0,636.7142857142858,913.0714285714287,90.71428571428572,112.5,109.18367346938746
2021-06-04,2873530,74032,2643313,2717345,156185,319.0,26.0,518.3333333333334,547.1428571428571,815.9285714285713,77.71428571428571,100.71428571428572,102.61224489795887
2021-06-05,2873945,74070,2644273,2718343,155602,415.0,38.0,435.33333333333326,495.71428571428567,737.2857142857142,65.28571428571429,89.7857142857143,95.61224489795887
2021-06-06,2874257,74083,2645150,2719233,155024,312.0,13.0,348.66666666666674,457.57142857142856,682.7857142857142,59.14285714285714,87.42857142857143,87.53061224489765
2021-06-07,2874451,74091,2645877,2719968,154483,194.0,8.0,307.0,437.71428571428567,656.7142857142858,59.28571428571429,86.7857142857143,79.67346938775479
2021-06-08,2874851,74186,2646340,2720526,154325,400.0,95.0,302.0,410.8571428571428,613.8571428571429,57.0,82.78571428571429,72.3061224489793
2021-06-09,2875279,74294,2646647,2720941,154338,428.0,108.0,340.6666666666667,377.1428571428572,553.9285714285714,54.14285714285714,75.57142857142857,66.18367346938746
2021-06-10,2875661,74378,2647095,2721473,154188,382.0,84.0,403.33333333333326,350.0,493.3571428571428,53.14285714285714,71.92857142857143,60.81632653061193
2021-06-11,2876002,74446,2647688,2722134,153868,341.0,68.0,383.66666666666674,353.1428571428572,450.1428571428572,59.14285714285714,68.42857142857143,58.16326530612214
2021-06-12,2876241,74493,2648207,2722700,153541,239.0,47.0,320.6666666666667,328.0,411.8571428571428,60.42857142857143,62.85714285714285,57.469387755101735
2021-06-13,2876468,74504,2648504,2723008,153460,227.0,11.0,269.0,315.85714285714283,386.71428571428567,60.14285714285714,59.64285714285714,57.61224489795888
2021-06-14,2876608,74505,2648859,2723364,153244,140.0,1.0,202.0,308.14285714285717,372.9285714285714,59.14285714285714,59.214285714285715,57.59183673469357
2021-06-15,2876823,74557,2649080,2723637,153186,215.0,52.0,194.0,281.7142857142857,346.28571428571433,53.0,55.0,57.02040816326501
2021-06-16,2877064,74619,2649184,2723803,153261,241.0,62.0,198.66666666666663,255.0,316.07142857142856,46.42857142857143,50.28571428571429,55.918367346938474
2021-06-17,2877282,74665,2649535,2724200,153082,218.0,46.0,224.66666666666663,231.57142857142856,290.7857142857143,41.0,47.07142857142857,54.18367346938746
2021-06-18,2877472,74713,2649879,2724592,152880,190.0,48.0,216.33333333333331,210.0,281.57142857142856,38.142857142857146,48.64285714285714,51.18367346938746
2021-06-19,2877640,74754,2650194,2724948,152692,168.0,41.0,192.0,199.85714285714286,263.92857142857144,37.285714285714285,48.85714285714285,47.87755102040786
2021-06-20,2877773,74759,2650476,2725235,152538,133.0,5.0,163.66666666666666,186.42857142857144,251.14285714285717,36.42857142857143,48.28571428571429,44.489795918367044
2021-06-21,2877846,74760,2650648,2725408,152438,73.0,1.0,124.66666666666669,176.85714285714286,242.5,36.42857142857143,47.78571428571429,41.24489795918337
2021-06-22,2878034,74789,2650773,2725562,152472,188.0,29.0,131.33333333333334,173.0,227.35714285714286,33.142857142857146,43.07142857142857,38.40816326530582
2021-06-23,2878199,74824,2650839,2725663,152536,165.0,35.0,142.0,162.14285714285714,208.57142857142856,29.285714285714285,37.857142857142854,35.95918367346908
2021-06-24,2878346,74848,2651045,2725893,152453,147.0,24.0,166.66666666666666,152.0,191.78571428571428,26.142857142857146,33.57142857142857,33.83673469387725
2021-06-25,2878479,74884,2651209,2726093,152386,133.0,36.0,148.33333333333334,143.85714285714286,176.9285714285714,24.42857142857143,31.285714285714285,31.877551020407857
2021-06-26,2878579,74905,2651360,2726265,152314,100.0,21.0,126.66666666666669,134.14285714285714,167.0,21.571428571428577,29.42857142857143,29.632653061224193
2021-06-27,2878650,74910,2651522,2726432,152218,71.0,5.0,101.33333333333331,125.28571428571428,155.85714285714286,21.571428571428577,29.0,27.510204081632363
2021-06-28,2878702,74910,2651681,2726591,152111,52.0,0.0,74.33333333333333,122.28571428571428,149.57142857142858,21.428571428571427,28.92857142857143,25.367346938775214
2021-06-29,2878825,74936,2651759,2726695,152130,123.0,26.0,82.0,113.0,143.0,21.0,27.07142857142857,23.632653061224197
2021-06-30,2878929,74952,2651787,2726739,152190,104.0,16.0,93.0,104.28571428571428,133.21428571428572,18.285714285714285,23.785714285714285,22.061224489795624
2021-07-01,2879027,74975,2651787,2726762,152265,98.0,23.0,108.33333333333331,97.28571428571428,124.64285714285714,18.142857142857142,22.142857142857146,20.91836734693848
2021-07-02,2879123,74996,2652004,2727000,152123,96.0,21.0,99.33333333333331,92.0,117.92857142857143,16.0,20.214285714285715,19.71428571428542
2021-07-03,2879230,75014,2652072,2727086,152144,107.0,18.0,100.33333333333331,93.0,113.57142857142857,15.571428571428573,18.571428571428573,18.857142857142566
2021-07-04,2879284,75015,2652165,2727180,152104,54.0,1.0,85.66666666666667,90.57142857142857,107.92857142857143,15.0,18.285714285714285,17.918367346938485
2021-07-05,2879322,75016,2652228,2727244,152078,38.0,1.0,66.33333333333333,88.57142857142857,105.42857142857143,15.142857142857142,18.285714285714285,17.020408163265017
2021-07-06,2879418,75026,2652265,2727291,152127,96.0,10.0,62.66666666666666,84.71428571428571,98.85714285714286,12.857142857142858,16.928571428571427,15.857142857142565
2021-07-07,2879521,75043,2652293,2727336,152185,103.0,17.0,79.0,84.57142857142857,94.42857142857143,13.0,15.642857142857142,15.10204081632624
2021-07-08,2879614,75062,2652372,2727434,152180,93.0,19.0,97.33333333333331,83.85714285714286,90.57142857142857,12.428571428571427,15.285714285714285,14.285714285713995
2021-07-09,2879690,75079,2652409,2727488,152202,76.0,17.0,90.66666666666669,81.0,86.5,11.857142857142858,13.928571428571427,13.693877551020119
2021-07-10,2879776,75086,2652458,2727544,152232,86.0,7.0,85.0,78.0,85.5,10.285714285714286,12.928571428571427,12.938775510203795
2021-07-11,2879842,75087,2652505,2727592,152250,66.0,1.0,76.0,79.71428571428571,85.14285714285714,10.285714285714286,12.642857142857142,12.265306122448692
2021-07-12,2879886,75087,2652577,2727664,152222,44.0,0.0,65.33333333333333,80.57142857142857,84.57142857142857,10.142857142857142,12.642857142857142,11.551020408162978
2021-07-13,2879982,75100,2652604,2727704,152278,96.0,13.0,68.66666666666667,80.57142857142857,82.64285714285714,10.571428571428571,11.714285714285715,11.224489795918078
2021-07-14,2880068,75106,2652581,2727687,152381,86.0,6.0,75.33333333333333,78.14285714285714,81.35714285714286,9.0,11.0,10.653061224489507
2021-07-15,2880173,75118,2652655,2727773,152400,105.0,12.0,95.66666666666669,79.85714285714286,81.85714285714286,8.0,10.214285714285714,10.020408163265015
2021-07-16,2880266,75132,2652753,2727885,152381,93.0,14.0,94.66666666666669,82.28571428571429,81.64285714285714,7.571428571428571,9.714285714285714,9.408163265305832
2021-07-17,2880380,75139,2652951,2728090,152290,114.0,7.0,104.0,86.2857142857143,82.14285714285714,7.571428571428571,8.928571428571429,9.020408163265015
2021-07-18,2880449,75142,2652984,2728126,152323,69.0,3.0,92.0,86.7142857142857,83.21428571428571,7.857142857142858,9.071428571428571,8.673469387754812
2021-07-19,2880516,75142,2653034,2728176,152340,67.0,0.0,83.33333333333333,90.0,85.28571428571429,7.857142857142858,9.0,8.346938775509914
2021-07-20,2880620,75146,2652994,2728140,152480,104.0,4.0,80.0,91.14285714285714,85.85714285714286,6.571428571428571,8.571428571428571,7.775510204081343
2021-07-21,2880744,75149,2653025,2728174,152570,124.0,3.0,98.33333333333331,96.57142857142857,87.35714285714286,6.142857142857142,7.571428571428571,7.3673469387752215
2021-07-22,2880870,75158,2653088,2728246,152624,126.0,9.0,118.0,99.57142857142857,89.7142857142857,5.7142857142857135,6.857142857142858,7.040816326530321
2021-07-23,2880978,75162,2653172,2728334,152644,108.0,4.0,119.33333333333331,101.71428571428572,92.0,4.285714285714286,5.928571428571429,6.5714285714282825
2021-07-24,2881100,75168,2653221,2728389,152711,122.0,6.0,118.66666666666669,102.85714285714286,94.57142857142857,4.142857142857143,5.857142857142858,6.081632653060937
2021-07-25,2881182,75169,2653279,2728448,152734,82.0,1.0,104.0,104.71428571428572,95.71428571428572,3.8571428571428568,5.857142857142858,5.510204081632365
2021-07-26,2881256,75169,2653359,2728528,152728,74.0,0.0,92.66666666666669,105.71428571428572,97.85714285714286,3.8571428571428568,5.857142857142858,4.938775510203793
2021-07-27,2881362,75176,2653407,2728583,152779,106.0,7.0,87.33333333333331,106.0,98.57142857142857,4.285714285714286,5.428571428571429,4.612244897958894
2021-07-28,2881500,75179,2653446,2728625,152875,138.0,3.0,106.0,108.0,102.28571428571428,4.285714285714286,5.214285714285714,4.346938775509916
2021-07-29,2881667,75184,2653529,2728713,152954,167.0,5.0,137.0,113.85714285714286,106.71428571428572,3.7142857142857135,4.714285714285714,4.061224489795629
2021-07-30,2881820,75186,2653608,2728794,153026,153.0,2.0,152.66666666666666,120.28571428571428,111.0,3.4285714285714284,3.8571428571428568,3.9387755102037927
2021-07-31,2881973,75188,2653700,2728888,153085,153.0,2.0,157.66666666666666,124.71428571428572,113.78571428571428,2.8571428571428568,3.5,3.7551020408160376
2021-08-01,2882064,75188,2653807,2728995,153069,91.0,0.0,132.33333333333334,126.0,115.35714285714286,2.7142857142857144,3.2857142857142856,3.5918367346935884
2021-08-02,2882155,75188,2653900,2729088,153067,91.0,0.0,111.66666666666669,128.42857142857142,117.07142857142857,2.7142857142857144,3.2857142857142856,3.42857142857114
2021-08-03,2882319,75192,2653934,2729126,153193,164.0,4.0,115.33333333333331,136.71428571428572,121.35714285714286,2.2857142857142856,3.2857142857142856,3.1428571428568537
2021-08-04,2882483,75196,2653981,2729177,153306,164.0,4.0,139.66666666666666,140.42857142857142,124.21428571428572,2.4285714285714284,3.3571428571428568,2.8775510204078745
2021-08-05,2882659,75202,2654097,2729299,153360,176.0,6.0,168.0,141.71428571428572,127.78571428571428,2.571428571428572,3.1428571428571432,2.7142857142854253
2021-08-06,2882831,75208,2654224,2729432,153399,172.0,6.0,170.66666666666666,144.42857142857142,132.35714285714286,3.1428571428571432,3.2857142857142856,2.673469387754813
2021-08-07,2883012,75212,2654359,2729571,153441,181.0,4.0,176.33333333333337,148.42857142857142,136.57142857142858,3.4285714285714284,3.1428571428571432,2.7551020408160376
2021-08-08,2883134,75212,2654483,2729695,153439,122.0,0.0,158.33333333333334,152.85714285714286,139.42857142857142,3.4285714285714284,3.071428571428572,2.857142857142568
2021-08-09,2883198,75212,2654624,2729836,153362,64.0,0.0,122.33333333333331,149.0,138.71428571428572,3.4285714285714284,3.071428571428572,2.959183673469098
2021-08-10,2883398,75212,2654677,2729889,153509,200.0,0.0,128.66666666666666,154.14285714285714,145.42857142857142,2.8571428571428568,2.571428571428572,3.0408163265303227
2021-08-11,2883596,75216,2654751,2729967,153629,198.0,4.0,154.0,159.0,149.71428571428572,2.8571428571428568,2.642857142857143,3.1020408163262414
2021-08-12,2883819,75218,2654874,2730092,153727,223.0,2.0,207.0,165.71428571428572,153.71428571428572,2.2857142857142856,2.4285714285714284,3.0612244897956287
2021-08-13,2884015,75224,2655014,2730238,153777,196.0,6.0,205.66666666666663,169.14285714285714,156.78571428571428,2.2857142857142856,2.7142857142857144,2.938775510203792
2021-08-14,2884226,75226,2655183,2730409,153817,211.0,2.0,210.0,173.4285714285714,160.92857142857142,2.0,2.7142857142857144,2.7346938775507312
2021-08-15,2884374,75226,2655313,2730539,153835,148.0,0.0,185.0,177.14285714285714,165.0,2.0,2.7142857142857144,2.5306122448976702
2021-08-16,2884502,75226,2655441,2730667,153835,128.0,0.0,162.33333333333334,186.28571428571428,167.64285714285714,2.0,2.7142857142857144,2.326530612244609
2021-08-17,2884723,75233,2655543,2730776,153947,221.0,7.0,165.66666666666666,189.28571428571428,171.71428571428572,3.0,2.9285714285714284,2.346938775509915
2021-08-18,2884931,75234,2655588,2730822,154109,208.0,1.0,185.66666666666663,190.7142857142857,174.85714285714286,2.571428571428572,2.7142857142857144,2.3061224489793033
2021-08-19,2885128,75238,2655781,2731019,154109,197.0,4.0,208.66666666666663,187.0,176.35714285714286,2.8571428571428568,2.571428571428572,2.3877551020405283
2021-08-20,2885340,75242,2655891,2731133,154207,212.0,4.0,205.66666666666663,189.28571428571428,179.21428571428572,2.571428571428572,2.4285714285714284,2.42857142857114
2021-08-21,2885562,75243,2656018,2731261,154301,222.0,1.0,210.33333333333331,190.85714285714286,182.14285714285717,2.4285714285714284,2.2142857142857144,2.4897959183670584
2021-08-22,2885747,75243,2656143,2731386,154361,185.0,0.0,206.33333333333331,196.14285714285717,186.64285714285717,2.4285714285714284,2.2142857142857144,2.5510204081629766
2021-08-23,2885854,75243,2656317,2731560,154294,107.0,0.0,171.33333333333334,193.14285714285717,189.7142857142857,2.4285714285714284,2.2142857142857144,2.612244897958895
2021-08-24,2886087,75251,2656355,2731606,154481,233.0,8.0,175.0,194.85714285714286,192.07142857142856,2.571428571428572,2.7857142857142856,2.5510204081629766
2021-08-25,2886321,75256,2656342,2731598,154723,234.0,5.0,191.33333333333331,198.57142857142856,194.64285714285717,3.1428571428571432,2.8571428571428568,2.6326530612242007
2021-08-26,2886572,75259,2656507,2731766,154806,251.0,3.0,239.33333333333331,206.28571428571428,196.64285714285717,3.0,2.9285714285714284,2.6530612244895067
2021-08-27,2886830,75262,2656635,2731897,154933,258.0,3.0,247.66666666666663,212.85714285714286,201.07142857142856,2.8571428571428568,2.7142857142857144,2.6938775510201194
2021-08-28,2887120,75267,2656708,2731975,155145,290.0,5.0,266.3333333333333,222.57142857142856,206.7142857142857,3.4285714285714284,2.9285714285714284,2.8367346938772617
2021-08-29,2887324,75267,2656855,2732122,155202,204.0,0.0,250.66666666666663,225.28571428571428,210.7142857142857,3.4285714285714284,2.9285714285714284,2.9795918367344045
2021-08-30,2887475,75267,2657054,2732321,155154,151.0,0.0,215.0,231.57142857142856,212.35714285714286,3.4285714285714284,2.9285714285714284,3.1224489795915478
2021-08-31,2887760,75272,2657084,2732356,155404,285.0,5.0,213.33333333333331,239.0,216.92857142857144,3.0,2.7857142857142856,3.183673469387465
2021-09-01,2888126,75285,2657082,2732367,155759,366.0,13.0,267.3333333333333,257.85714285714283,228.2142857142857,4.142857142857143,3.6428571428571432,3.3265306122446083
2021-09-02,2888516,75292,2657177,2732469,156047,390.0,7.0,347.0,277.7142857142857,242.0,4.714285714285714,3.8571428571428568,3.5714285714282816
2021-09-03,2888865,75297,2657274,2732571,156294,349.0,5.0,368.33333333333326,290.7142857142857,251.78571428571428,5.0,3.928571428571429,3.8775510204078736
2021-09-04,2889254,75304,2657330,2732634,156620,389.0,7.0,376.0,304.85714285714283,263.7142857142857,5.285714285714286,4.357142857142857,4.142857142856854
2021-09-05,2889578,75304,2657527,2732831,156747,324.0,0.0,354.0,322.0,273.64285714285717,5.285714285714286,4.357142857142857,4.408163265305834
2021-09-06,2889761,75304,2657745,2733049,156712,183.0,0.0,298.6666666666667,326.57142857142856,279.07142857142856,5.285714285714286,4.357142857142857,4.673469387754813
2021-09-07,2890167,75317,2657702,2733019,157148,406.0,13.0,304.3333333333333,343.8571428571428,291.42857142857144,6.428571428571429,4.714285714285714,5.163265306122161
2021-09-08,2890700,75328,2657686,2733014,157686,533.0,11.0,374.0,367.71428571428567,312.7857142857143,6.142857142857142,5.142857142857143,5.448979591836448
2021-09-09,2891210,75334,2657776,2733110,158100,510.0,6.0,483.0,384.8571428571428,331.2857142857143,6.0,5.357142857142857,5.632653061224202
2021-09-10,2891738,75342,2657981,2733323,158415,528.0,8.0,523.6666666666666,410.4285714285714,350.57142857142856,6.428571428571429,5.7142857142857135,5.836734693877263
2021-09-11,2892268,75350,2658101,2733451,158817,530.0,8.0,522.6666666666666,430.57142857142856,367.71428571428567,6.571428571428571,5.928571428571429,6.020408163265017
2021-09-12,2892744,75350,2658374,2733724,159020,476.0,0.0,511.33333333333326,452.28571428571433,387.1428571428572,6.571428571428571,5.928571428571429,6.204081632652772
2021-09-13,2893013,75350,2658685,2734035,158978,269.0,0.0,425.0,464.57142857142856,395.57142857142856,6.571428571428571,5.928571428571429,6.3877551020405265
2021-09-14,2893550,75358,2658613,2733971,159579,537.0,8.0,427.33333333333326,483.28571428571433,413.57142857142856,5.857142857142858,6.142857142857142,6.306122448979303
2021-09-15,2894317,75379,2658512,2733891,160426,767.0,21.0,524.3333333333334,516.7142857142857,442.21428571428567,7.2857142857142865,6.7142857142857135,6.469387755101751
2021-09-16,2895039,75389,2658636,2734025,161014,722.0,10.0,675.3333333333334,547.0,465.9285714285714,7.857142857142858,6.928571428571429,6.734693877550732
2021-09-17,2895691,75397,2658812,2734209,161482,652.0,8.0,713.6666666666665,564.7142857142858,487.57142857142856,7.857142857142858,7.142857142857142,6.938775510203791
2021-09-18,2896488,75411,2659020,2734431,162057,797.0,14.0,723.6666666666665,602.8571428571429,516.7142857142857,8.714285714285714,7.642857142857142,7.244897959183383
2021-09-19,2897028,75412,2659483,2734895,162133,540.0,1.0,663.0,612.0,532.1428571428571,8.857142857142858,7.7142857142857135,7.571428571428281
2021-09-20,2897391,75412,2659912,2735324,162067,363.0,0.0,566.6666666666666,625.4285714285714,545.0,8.857142857142858,7.7142857142857135,7.897959183673179
2021-09-21,2898102,75427,2659952,2735379,162723,711.0,15.0,538.0,650.2857142857142,566.7857142857142,9.857142857142858,7.857142857142858,8.469387755101753
2021-09-22,2898984,75447,2659840,2735287,163697,882.0,20.0,652.0,666.7142857142858,591.7142857142858,9.714285714285714,8.5,8.816326530611958
2021-09-23,2899958,75461,2660036,2735497,164461,974.0,14.0,855.6666666666665,702.7142857142858,624.8571428571429,10.285714285714286,9.071428571428571,9.16326530612216
2021-09-24,2900771,75475,2660438,2735913,164858,813.0,14.0,889.6666666666665,725.7142857142858,645.2142857142858,11.142857142857142,9.5,9.6326530612242
2021-09-25,2901688,75495,2660776,2736271,165417,917.0,20.0,901.3333333333335,742.8571428571429,672.8571428571429,12.0,10.357142857142858,10.102040816326241
2021-09-26,2902331,75496,2661349,2736845,165486,643.0,1.0,791.0,757.5714285714287,684.7857142857142,12.0,10.428571428571429,10.551020408162977
2021-09-27,2902752,75496,2662008,2737504,165248,421.0,0.0,660.3333333333334,765.8571428571429,695.6428571428571,12.0,10.428571428571429,10.999999999999712
2021-09-28,2903727,75525,2662115,2737640,166087,975.0,29.0,679.6666666666666,803.5714285714287,726.9285714285713,14.0,11.928571428571427,11.591836734693587
2021-09-29,2904961,75547,2662132,2737679,167282,1234.0,22.0,876.6666666666665,853.8571428571429,760.2857142857142,14.285714285714285,12.0,12.244897959183385
2021-09-30,2906169,75574,2662484,2738058,168111,1208.0,27.0,1139.0,887.2857142857142,795.0,16.142857142857142,13.214285714285715,13.081632653060934
2021-10-01,2907531,75590,2663087,2738677,168854,1362.0,16.0,1268.0,965.7142857142856,845.7142857142858,16.428571428571427,13.785714285714285,13.836734693877261
2021-10-02,2908875,75613,2663707,2739320,169555,1344.0,23.0,1304.6666666666667,1026.7142857142858,884.7857142857142,16.857142857142858,14.428571428571427,14.530612244897672
2021-10-03,2909965,75619,2664356,2739975,169990,1090.0,6.0,1265.3333333333333,1090.5714285714287,924.0714285714287,17.571428571428573,14.785714285714285,15.326530612244609
2021-10-04,2910649,75619,2665103,2740722,169927,684.0,0.0,1039.3333333333333,1128.142857142857,947.0,17.571428571428573,14.785714285714285,16.122448979591546
2021-10-05,2911974,75665,2665239,2740904,171070,1325.0,46.0,1033.0,1178.142857142857,990.8571428571428,20.0,17.0,16.97959183673441
2021-10-06,2914059,75698,2665251,2740949,173110,2085.0,33.0,1364.6666666666667,1299.7142857142858,1076.7857142857142,21.571428571428577,17.928571428571427,18.020408163265017
2021-10-07,2916066,75727,2665829,2741556,174510,2007.0,29.0,1805.666666666667,1413.857142857143,1150.5714285714287,21.857142857142854,19.0,18.836734693877265
2021-10-08,2917961,75758,2666589,2742347,175614,1895.0,31.0,1995.666666666667,1490.0,1227.857142857143,24.0,20.214285714285715,19.91836734693849
2021-10-09,2919973,75787,2667431,2743218,176755,2012.0,29.0,1971.333333333333,1585.428571428571,1306.0714285714287,24.857142857142854,20.857142857142858,21.06122448979563
2021-10-10,2921500,75792,2668521,2744313,177187,1527.0,5.0,1811.333333333333,1647.857142857143,1369.2142857142858,24.714285714285715,21.142857142857142,22.081632653060943
2021-10-11,2922403,75792,2669688,2745480,176923,903.0,0.0,1480.666666666667,1679.142857142857,1403.642857142857,24.714285714285715,21.142857142857142,23.102040816326245
2021-10-12,2924521,75841,2670180,2746021,178500,2118.0,49.0,1516.0,1792.428571428571,1485.2857142857142,25.142857142857146,22.57142857142857,23.83673469387727
2021-10-13,2927161,75881,2670394,2746275,180886,2640.0,40.0,1887.0,1871.7142857142856,1585.7142857142858,26.142857142857146,23.857142857142854,24.489795918367058
2021-10-14,2930161,75941,2671199,2747140,183021,3000.0,60.0,2586.0,2013.571428571429,1713.7142857142858,30.57142857142857,26.214285714285715,25.73469387755073
2021-10-15,2932932,75990,2672656,2748646,184286,2771.0,49.0,2803.666666666666,2138.714285714286,1814.357142857143,33.142857142857146,28.57142857142857,27.04081632653032
2021-10-16,2936168,76034,2674093,2750127,186041,3236.0,44.0,3002.333333333333,2313.5714285714284,1949.5,35.285714285714285,30.07142857142857,28.53061224489767
2021-10-17,2938691,76035,2675821,2751856,186835,2523.0,1.0,2843.333333333333,2455.857142857143,2051.8571428571427,34.714285714285715,29.714285714285715,29.95918367346909
2021-10-18,2940228,76038,2677537,2753575,186653,1537.0,3.0,2432.0,2546.428571428572,2112.785714285714,35.142857142857146,29.92857142857143,31.448979591836444
2021-10-19,2944159,76102,2678296,2754398,189761,3931.0,64.0,2663.6666666666665,2805.4285714285716,2298.928571428572,37.285714285714285,31.214285714285715,33.183673469387465
2021-10-20,2949718,76177,2678423,2754600,195118,5559.0,75.0,3675.666666666666,3222.4285714285716,2547.0714285714284,42.285714285714285,34.214285714285715,35.489795918367065
2021-10-21,2955310,76223,2679824,2756047,199263,5592.0,46.0,5027.333333333333,3592.714285714286,2803.142857142857,40.285714285714285,35.42857142857143,36.87755102040789
2021-10-22,2961016,76282,2681591,2757873,203143,5706.0,59.0,5619.0,4012.0,3075.357142857143,41.714285714285715,37.42857142857143,38.10204081632625
2021-10-23,2967290,76357,2683645,2760002,207288,6274.0,75.0,5857.333333333332,4446.0,3379.785714285714,46.14285714285714,40.714285714285715,39.65306122448952
2021-10-24,2972018,76370,2686129,2762499,209519,4728.0,13.0,5569.333333333332,4761.0,3608.4285714285716,47.85714285714285,41.285714285714285,41.53061224489768
2021-10-25,2974968,76370,2688899,2765269,209699,2950.0,0.0,4650.666666666667,4962.857142857143,3754.642857142857,47.42857142857143,41.285714285714285,43.28571428571399
2021-10-26,2981233,76463,2690118,2766581,214652,6265.0,93.0,4647.666666666667,5296.285714285715,4050.857142857143,51.57142857142857,44.42857142857143,45.3265306122446
2021-10-27,2989594,76596,2690582,2767178,222416,8361.0,133.0,5858.666666666668,5696.571428571428,4459.5,59.85714285714285,51.07142857142857,47.83673469387726
2021-10-28,2997972,76697,2693373,2770070,227902,8378.0,101.0,7668.0,6094.571428571428,4843.642857142857,67.71428571428571,54.0,51.75510204081604
2021-10-29,3007359,76799,2697544,2774343,233016,9387.0,102.0,8708.666666666666,6620.428571428572,5316.214285714285,73.85714285714286,57.78571428571429,56.34693877550992
2021-10-30,3017157,76914,2702040,2778954,238203,9798.0,115.0,9187.666666666666,7123.857142857143,5784.928571428572,79.57142857142857,62.85714285714285,61.12244897959154
2021-10-31,3024302,76923,2706968,2783891,240411,7145.0,9.0,8776.666666666666,7469.142857142857,6115.071428571428,79.0,63.42857142857143,65.57142857142829
2021-11-01,3029196,76936,2713002,2789938,239258,4894.0,13.0,7279.0,7746.857142857143,6354.857142857143,80.85714285714286,64.14285714285714,70.34693877550991
2021-11-02,3033710,76945,2717052,2793997,239713,4514.0,9.0,5517.666666666668,7496.714285714284,6396.5,68.85714285714286,60.214285714285715,72.81632653061196
2021-11-03,3044139,77069,2718452,2795521,248618,10429.0,124.0,6612.333333333332,7792.142857142857,6744.357142857143,67.57142857142857,63.714285714285715,73.91836734693848
2021-11-04,3059654,77319,2722984,2800303,259351,15515.0,250.0,10152.666666666666,8811.714285714286,7453.142857142857,88.85714285714286,78.28571428571429,76.9387755102038
2021-11-05,3075558,77471,2729487,2806958,268600,15904.0,152.0,13949.333333333336,9742.714285714286,8181.571428571428,96.0,84.92857142857143,80.10204081632625
2021-11-06,3090748,77657,2736292,2813949,276799,15190.0,186.0,15536.333333333336,10513.0,8818.42857142857,106.14285714285714,92.85714285714286,83.8979591836732
2021-11-07,3103241,77681,2744315,2821996,281245,12493.0,24.0,14529.0,11277.0,9373.07142857143,108.28571428571428,93.64285714285714,88.08163265306095
2021-11-08,3110557,77684,2753325,2831009,279548,7316.0,3.0,11666.333333333336,11623.0,9684.92857142857,106.85714285714286,93.85714285714286,91.79591836734664
2021-11-09,3124201,77904,2758458,2836362,287839,13644.0,220.0,11151.0,12927.285714285714,10212.0,137.0,102.92857142857143,101.5306122448977
2021-11-10,3142751,78173,2761194,2839367,303384,18550.0,269.0,13170.0,14087.428571428569,10939.785714285714,157.71428571428572,112.64285714285714,114.40816326530584
2021-11-11,3161825,78447,2764351,2842798,319027,19074.0,274.0,17089.333333333332,14595.857142857143,11703.785714285714,161.14285714285714,125.0,124.73469387755074
2021-11-12,3174790,78478,2774179,2852657,322133,12965.0,31.0,16863.0,14176.0,11959.357142857143,143.85714285714286,119.92857142857143,131.5714285714283
2021-11-13,3189082,78744,2788003,2866747,322335,14292.0,266.0,15443.666666666664,14047.714285714286,12280.357142857143,155.28571428571428,130.71428571428572,138.59183673469357
2021-11-14,3203524,78790,2802616,2881406,322118,14442.0,46.0,13899.666666666664,14326.142857142857,12801.571428571431,158.42857142857142,133.35714285714286,145.75510204081604
2021-11-15,3213036,78802,2817206,2896008,317028,9512.0,12.0,12748.666666666664,14639.857142857143,13131.428571428569,159.71428571428572,133.28571428571428,153.30612244897932
2021-11-16,3229626,79084,2827027,2906111,323515,16590.0,282.0,13514.666666666664,15060.714285714286,13994.0,168.57142857142858,152.78571428571428,157.81632653061197
2021-11-17,3253865,79547,2831903,2911450,342415,24239.0,463.0,16780.333333333332,15873.428571428569,14980.428571428569,196.28571428571428,177.0,163.3265306122446
2021-11-18,3278747,79917,2843270,2923187,355560,24882.0,370.0,21903.666666666668,16703.14285714286,15649.5,210.0,185.57142857142856,170.30612244897932
2021-11-19,3301989,80320,2858972,2939292,362697,23242.0,403.0,24121.0,18171.285714285714,16173.642857142857,263.14285714285717,203.5,187.3469387755099
2021-11-20,3325403,80702,2876042,2956744,368659,23414.0,382.0,23846.0,19474.428571428565,16761.071428571428,279.7142857142857,217.5,205.12244897959155
2021-11-21,3344286,80743,2887847,2968590,375696,18883.0,41.0,21846.33333333333,20108.85714285714,17217.5,279.0,218.7142857142857,222.34693877550998
2021-11-22,3356620,80751,2901800,2982551,374069,12334.0,8.0,18210.33333333333,20512.0,17575.928571428572,278.42857142857144,219.07142857142856,239.3061224489793
2021-11-23,3376556,81149,2913320,2994469,382087,19936.0,398.0,17051.0,20990.0,18025.35714285714,295.0,231.78571428571428,257.3673469387752
